date,series,sales,promotion,is_holiday,temperature_f
2022-01-01,store_north,1780.13,0,1,32.1
2022-01-02,store_north,1834.83,0,0,24.3
2022-01-03,store_north,1493.64,0,0,30.6
2022-01-04,store_north,1460.82,0,0,23.3
2022-01-05,store_north,1442.97,0,0,25.6
2022-01-06,store_north,1593.61,0,0,21.4
2022-01-07,store_north,1582.82,0,0,27.4
2022-01-08,store_north,1888.85,0,0,31.3
2022-01-09,store_north,1889.22,0,0,25.1
2022-01-10,store_north,1737.86,0,0,24.6
2022-01-11,store_north,1350.02,0,0,20.8
2022-01-12,store_north,1452.5,0,0,24.3
2022-01-13,store_north,1423.7,0,0,18.8
2022-01-14,store_north,1424.06,0,0,21.5
2022-01-15,store_north,1712.46,0,0,26.0
2022-01-16,store_north,1811.15,0,0,30.3
2022-01-17,store_north,1500.06,0,0,36.3
2022-01-18,store_north,1528.45,0,0,22.7
2022-01-19,store_north,1563.11,0,0,30.7
2022-01-20,store_north,1564.06,0,0,26.0
2022-01-21,store_north,1555.35,0,0,24.4
2022-01-22,store_north,1855.53,0,0,26.7
2022-01-23,store_north,1765.55,0,0,25.3
2022-01-24,store_north,1693.08,0,0,25.5
2022-01-25,store_north,1528.0,0,0,23.5
2022-01-26,store_north,1332.82,0,0,19.6
2022-01-27,store_north,1398.14,0,0,19.0
2022-01-28,store_north,1401.92,0,0,27.9
2022-01-29,store_north,1789.77,0,0,24.2
2022-01-30,store_north,1768.9,0,0,23.0
2022-01-31,store_north,1487.8,0,0,25.5
2022-02-01,store_north,1744.67,0,0,28.7
2022-02-02,store_north,1610.88,0,0,26.4
2022-02-03,store_north,1601.83,0,0,23.1
2022-02-04,store_north,1524.87,0,0,30.8
2022-02-05,store_north,1820.7,0,0,32.3
2022-02-06,store_north,1867.87,0,0,28.1
2022-02-07,store_north,1609.4,0,0,30.1
2022-02-08,store_north,1456.12,0,0,31.3
2022-02-09,store_north,1588.28,0,0,31.0
2022-02-10,store_north,1590.25,0,0,29.1
2022-02-11,store_north,1572.88,0,0,29.2
2022-02-12,store_north,1810.29,0,0,29.1
2022-02-13,store_north,1778.62,0,0,22.8
2022-02-14,store_north,1583.51,0,0,30.1
2022-02-15,store_north,1546.83,0,0,22.1
2022-02-16,store_north,1605.92,0,0,24.5
2022-02-17,store_north,1706.67,0,0,33.1
2022-02-18,store_north,1584.97,0,0,31.5
2022-02-19,store_north,1885.9,0,0,34.3
2022-02-20,store_north,1899.29,0,0,27.4
2022-02-21,store_north,2305.37,1,0,24.1
2022-02-22,store_north,1549.94,0,0,28.0
2022-02-23,store_north,1659.87,0,0,29.6
2022-02-24,store_north,1676.38,0,0,29.8
2022-02-25,store_north,1734.13,0,0,34.2
2022-02-26,store_north,2017.81,0,0,28.5
2022-02-27,store_north,1833.3,0,0,31.6
2022-02-28,store_north,1576.7,0,0,26.5
2022-03-01,store_north,1584.48,0,0,32.6
2022-03-02,store_north,1565.26,0,0,31.1
2022-03-03,store_north,1502.03,0,0,28.3
2022-03-04,store_north,1452.1,0,0,30.7
2022-03-05,store_north,1865.67,0,0,31.2
2022-03-06,store_north,1796.76,0,0,31.1
2022-03-07,store_north,1642.27,0,0,39.6
2022-03-08,store_north,1521.09,0,0,32.4
2022-03-09,store_north,1495.02,0,0,32.2
2022-03-10,store_north,2241.2,1,0,25.1
2022-03-11,store_north,1581.7,0,0,30.2
2022-03-12,store_north,1922.85,0,0,33.1
2022-03-13,store_north,2040.3,0,0,31.7
2022-03-14,store_north,1664.74,0,0,40.3
2022-03-15,store_north,1639.99,0,0,34.5
2022-03-16,store_north,1559.22,0,0,40.6
2022-03-17,store_north,1510.27,0,0,36.1
2022-03-18,store_north,1741.99,0,0,36.3
2022-03-19,store_north,1831.38,0,0,36.2
2022-03-20,store_north,1828.28,0,0,36.9
2022-03-21,store_north,1668.95,0,0,44.2
2022-03-22,store_north,1552.45,0,0,28.4
2022-03-23,store_north,1499.52,0,0,30.0
2022-03-24,store_north,1592.0,0,0,36.2
2022-03-25,store_north,1733.72,0,0,38.9
2022-03-26,store_north,2771.91,1,0,41.9
2022-03-27,store_north,1840.95,0,0,41.5
2022-03-28,store_north,1708.61,0,0,38.4
2022-03-29,store_north,1715.85,0,0,44.4
2022-03-30,store_north,1630.29,0,0,44.9
2022-03-31,store_north,1532.32,0,0,41.9
2022-04-01,store_north,1519.69,0,0,45.4
2022-04-02,store_north,1840.85,0,0,43.1
2022-04-03,store_north,1915.63,0,0,40.1
2022-04-04,store_north,1498.31,0,0,45.6
2022-04-05,store_north,1561.76,0,0,43.6
2022-04-06,store_north,1622.67,0,0,43.6
2022-04-07,store_north,1420.77,0,0,49.9
2022-04-08,store_north,1591.65,0,0,34.6
2022-04-09,store_north,1722.38,0,0,39.2
2022-04-10,store_north,1854.52,0,0,40.5
2022-04-11,store_north,1594.12,0,0,44.3
2022-04-12,store_north,1667.21,0,0,45.1
2022-04-13,store_north,1593.98,0,0,40.5
2022-04-14,store_north,1376.91,0,0,43.1
2022-04-15,store_north,1510.81,0,0,44.0
2022-04-16,store_north,1976.99,0,0,57.7
2022-04-17,store_north,1933.27,0,0,55.5
2022-04-18,store_north,1633.4,0,0,47.1
2022-04-19,store_north,1662.82,0,0,47.7
2022-04-20,store_north,1630.37,0,0,45.0
2022-04-21,store_north,1547.3,0,0,42.4
2022-04-22,store_north,1468.16,0,0,50.0
2022-04-23,store_north,1846.04,0,0,46.9
2022-04-24,store_north,1948.57,0,0,51.0
2022-04-25,store_north,1498.21,0,0,45.3
2022-04-26,store_north,1661.72,0,0,49.1
2022-04-27,store_north,1711.61,0,0,53.2
2022-04-28,store_north,1658.13,0,0,54.5
2022-04-29,store_north,1407.43,0,0,55.1
2022-04-30,store_north,1796.17,0,0,48.6
2022-05-01,store_north,1943.06,0,0,57.7
2022-05-02,store_north,1437.33,0,0,51.5
2022-05-03,store_north,1360.33,0,0,57.7
2022-05-04,store_north,1604.95,0,0,55.5
2022-05-05,store_north,1476.51,0,0,50.5
2022-05-06,store_north,1592.69,0,0,55.1
2022-05-07,store_north,1820.29,0,0,58.3
2022-05-08,store_north,1845.31,0,0,59.7
2022-05-09,store_north,1546.05,0,0,57.1
2022-05-10,store_north,1616.68,0,0,64.2
2022-05-11,store_north,1732.97,0,0,62.5
2022-05-12,store_north,1600.15,0,0,57.8
2022-05-13,store_north,1423.52,0,0,62.2
2022-05-14,store_north,1902.23,0,0,67.4
2022-05-15,store_north,1961.79,0,0,67.9
2022-05-16,store_north,2284.89,1,0,55.5
2022-05-17,store_north,1485.38,0,0,57.1
2022-05-18,store_north,1674.68,0,0,67.1
2022-05-19,store_north,1595.76,0,0,57.4
2022-05-20,store_north,1723.45,0,0,56.7
2022-05-21,store_north,1758.16,0,0,60.4
2022-05-22,store_north,1806.93,0,0,64.4
2022-05-23,store_north,1530.89,0,0,62.7
2022-05-24,store_north,1505.18,0,0,60.8
2022-05-25,store_north,1475.11,0,0,61.1
2022-05-26,store_north,1326.83,0,0,61.3
2022-05-27,store_north,1511.4,0,0,61.0
2022-05-28,store_north,1948.81,0,0,74.0
2022-05-29,store_north,1824.94,0,0,66.4
2022-05-30,store_north,2470.33,1,0,69.1
2022-05-31,store_north,1566.39,0,0,63.9
2022-06-01,store_north,1520.88,0,0,65.5
2022-06-02,store_north,1428.85,0,0,63.7
2022-06-03,store_north,1433.05,0,0,56.3
2022-06-04,store_north,1671.05,0,0,61.7
2022-06-05,store_north,1749.2,0,0,60.2
2022-06-06,store_north,1386.23,0,0,58.8
2022-06-07,store_north,1446.79,0,0,63.3
2022-06-08,store_north,1494.3,0,0,73.7
2022-06-09,store_north,1413.36,0,0,68.5
2022-06-10,store_north,1500.33,0,0,74.1
2022-06-11,store_north,1889.96,0,0,70.9
2022-06-12,store_north,1701.41,0,0,72.6
2022-06-13,store_north,2099.09,1,0,66.2
2022-06-14,store_north,1558.52,0,0,72.1
2022-06-15,store_north,1555.35,0,0,73.2
2022-06-16,store_north,1437.66,0,0,68.2
2022-06-17,store_north,1272.95,0,0,73.0
2022-06-18,store_north,1770.44,0,0,73.3
2022-06-19,store_north,1524.04,0,0,69.0
2022-06-20,store_north,1548.36,0,0,67.0
2022-06-21,store_north,1444.42,0,0,66.9
2022-06-22,store_north,1540.58,0,0,72.2
2022-06-23,store_north,1395.19,0,0,73.4
2022-06-24,store_north,1319.57,0,0,69.1
2022-06-25,store_north,1747.61,0,0,72.6
2022-06-26,store_north,1739.89,0,0,75.0
2022-06-27,store_north,1439.76,0,0,75.3
2022-06-28,store_north,1507.89,0,0,79.2
2022-06-29,store_north,1717.56,0,0,78.3
2022-06-30,store_north,1513.24,0,0,69.3
2022-07-01,store_north,1468.83,0,0,80.2
2022-07-02,store_north,1649.24,0,0,71.5
2022-07-03,store_north,1739.32,0,0,78.0
2022-07-04,store_north,1339.36,0,1,74.2
2022-07-05,store_north,1181.21,0,0,72.4
2022-07-06,store_north,1302.7,0,0,66.9
2022-07-07,store_north,1417.08,0,0,73.6
2022-07-08,store_north,1246.83,0,0,68.1
2022-07-09,store_north,1610.75,0,0,78.3
2022-07-10,store_north,1583.64,0,0,80.6
2022-07-11,store_north,1462.27,0,0,71.4
2022-07-12,store_north,1425.24,0,0,75.9
2022-07-13,store_north,1396.87,0,0,71.8
2022-07-14,store_north,1397.0,0,0,72.3
2022-07-15,store_north,1373.62,0,0,78.0
2022-07-16,store_north,1621.02,0,0,74.7
2022-07-17,store_north,1554.03,0,0,81.9
2022-07-18,store_north,1177.11,0,0,73.0
2022-07-19,store_north,1394.85,0,0,79.0
2022-07-20,store_north,1390.52,0,0,75.4
2022-07-21,store_north,1475.98,0,0,78.2
2022-07-22,store_north,1479.6,0,0,73.2
2022-07-23,store_north,1733.08,0,0,74.8
2022-07-24,store_north,2248.94,1,0,74.5
2022-07-25,store_north,1318.17,0,0,71.6
2022-07-26,store_north,1415.7,0,0,77.6
2022-07-27,store_north,1579.62,0,0,77.5
2022-07-28,store_north,1494.31,0,0,77.2
2022-07-29,store_north,1484.86,0,0,80.9
2022-07-30,store_north,1613.23,0,0,80.5
2022-07-31,store_north,1529.11,0,0,73.1
2022-08-01,store_north,1389.68,0,0,76.1
2022-08-02,store_north,1218.45,0,0,72.0
2022-08-03,store_north,1300.12,0,0,74.5
2022-08-04,store_north,1297.32,0,0,71.9
2022-08-05,store_north,1477.95,0,0,80.7
2022-08-06,store_north,1535.26,0,0,75.5
2022-08-07,store_north,1354.37,0,0,73.1
2022-08-08,store_north,1381.29,0,0,78.6
2022-08-09,store_north,1217.39,0,0,65.0
2022-08-10,store_north,1279.38,0,0,65.5
2022-08-11,store_north,1324.66,0,0,76.6
2022-08-12,store_north,1294.47,0,0,73.5
2022-08-13,store_north,1620.34,0,0,74.1
2022-08-14,store_north,1396.58,0,0,67.6
2022-08-15,store_north,1862.3,1,0,72.7
2022-08-16,store_north,1407.45,0,0,80.6
2022-08-17,store_north,1279.31,0,0,75.7
2022-08-18,store_north,1185.9,0,0,72.9
2022-08-19,store_north,1355.13,0,0,70.2
2022-08-20,store_north,1625.89,0,0,70.2
2022-08-21,store_north,1490.48,0,0,63.1
2022-08-22,store_north,1156.2,0,0,72.4
2022-08-23,store_north,1380.41,0,0,74.5
2022-08-24,store_north,1141.72,0,0,64.6
2022-08-25,store_north,1316.55,0,0,68.0
2022-08-26,store_north,1209.91,0,0,65.8
2022-08-27,store_north,2103.66,1,0,66.3
2022-08-28,store_north,1502.27,0,0,70.1
2022-08-29,store_north,1244.47,0,0,61.3
2022-08-30,store_north,1260.56,0,0,71.8
2022-08-31,store_north,1360.85,0,0,72.1
2022-09-01,store_north,1300.03,0,0,67.8
2022-09-02,store_north,1366.66,0,0,58.6
2022-09-03,store_north,1577.42,0,0,64.3
2022-09-04,store_north,1552.12,0,0,72.9
2022-09-05,store_north,1208.86,0,0,56.5
2022-09-06,store_north,1195.38,0,0,65.9
2022-09-07,store_north,1331.78,0,0,62.3
2022-09-08,store_north,1319.91,0,0,69.9
2022-09-09,store_north,1126.36,0,0,63.7
2022-09-10,store_north,1534.87,0,0,67.7
2022-09-11,store_north,1507.85,0,0,68.0
2022-09-12,store_north,1489.85,0,0,72.7
2022-09-13,store_north,1183.69,0,0,64.2
2022-09-14,store_north,1215.06,0,0,66.2
2022-09-15,store_north,1378.92,0,0,58.4
2022-09-16,store_north,1452.63,0,0,68.8
2022-09-17,store_north,1476.67,0,0,60.6
2022-09-18,store_north,1488.64,0,0,61.0
2022-09-19,store_north,1363.23,0,0,62.8
2022-09-20,store_north,1094.03,0,0,56.3
2022-09-21,store_north,1166.84,0,0,63.1
2022-09-22,store_north,1306.91,0,0,65.6
2022-09-23,store_north,1437.57,0,0,62.6
2022-09-24,store_north,1466.87,0,0,54.7
2022-09-25,store_north,1543.67,0,0,60.1
2022-09-26,store_north,1408.26,0,0,63.2
2022-09-27,store_north,1997.29,1,0,52.3
2022-09-28,store_north,1229.93,0,0,55.1
2022-09-29,store_north,1313.5,0,0,62.5
2022-09-30,store_north,1446.12,0,0,59.7
2022-10-01,store_north,1549.87,0,0,59.9
2022-10-02,store_north,1790.16,0,0,65.3
2022-10-03,store_north,1332.33,0,0,59.3
2022-10-04,store_north,1424.2,0,0,59.6
2022-10-05,store_north,1441.07,0,0,67.4
2022-10-06,store_north,1315.35,0,0,55.3
2022-10-07,store_north,1297.96,0,0,52.6
2022-10-08,store_north,1676.82,0,0,57.0
2022-10-09,store_north,1732.11,0,0,56.7
2022-10-10,store_north,1365.93,0,0,52.4
2022-10-11,store_north,1368.26,0,0,49.9
2022-10-12,store_north,1482.1,0,0,62.9
2022-10-13,store_north,1311.45,0,0,54.5
2022-10-14,store_north,1422.09,0,0,49.9
2022-10-15,store_north,1715.41,0,0,56.0
2022-10-16,store_north,1828.06,0,0,51.5
2022-10-17,store_north,1337.13,0,0,50.5
2022-10-18,store_north,1346.9,0,0,53.3
2022-10-19,store_north,1400.68,0,0,45.5
2022-10-20,store_north,1439.9,0,0,51.6
2022-10-21,store_north,1364.86,0,0,57.4
2022-10-22,store_north,1587.33,0,0,51.2
2022-10-23,store_north,1637.64,0,0,47.4
2022-10-24,store_north,1279.75,0,0,46.5
2022-10-25,store_north,1313.1,0,0,46.4
2022-10-26,store_north,1354.47,0,0,46.6
2022-10-27,store_north,1421.95,0,0,45.7
2022-10-28,store_north,1321.19,0,0,50.4
2022-10-29,store_north,1394.86,0,0,39.4
2022-10-30,store_north,1456.12,0,0,49.4
2022-10-31,store_north,1232.7,0,0,44.0
2022-11-01,store_north,1393.31,0,0,46.6
2022-11-02,store_north,1445.48,0,0,40.2
2022-11-03,store_north,1422.56,0,0,49.6
2022-11-04,store_north,1456.97,0,0,48.8
2022-11-05,store_north,1712.27,0,0,47.2
2022-11-06,store_north,1662.14,0,0,36.9
2022-11-07,store_north,1601.33,0,0,45.9
2022-11-08,store_north,1535.39,0,0,43.8
2022-11-09,store_north,1430.4,0,0,35.3
2022-11-10,store_north,1430.02,0,0,41.3
2022-11-11,store_north,1439.81,0,0,42.4
2022-11-12,store_north,1769.14,0,0,42.8
2022-11-13,store_north,1775.63,0,0,40.9
2022-11-14,store_north,1393.2,0,0,40.9
2022-11-15,store_north,1496.52,0,0,45.3
2022-11-16,store_north,1322.58,0,0,43.9
2022-11-17,store_north,1395.89,0,0,27.1
2022-11-18,store_north,1502.52,0,0,37.0
2022-11-19,store_north,1680.66,0,0,37.2
2022-11-20,store_north,1798.27,0,0,30.5
2022-11-21,store_north,1375.12,0,0,37.5
2022-11-22,store_north,1490.29,0,0,41.7
2022-11-23,store_north,1408.59,0,0,32.0
2022-11-24,store_north,1437.59,0,0,37.4
2022-11-25,store_north,1402.6,0,0,32.0
2022-11-26,store_north,1679.41,0,0,32.6
2022-11-27,store_north,1800.91,0,0,40.9
2022-11-28,store_north,1525.6,0,1,32.4
2022-11-29,store_north,1438.87,0,0,36.1
2022-11-30,store_north,1443.0,0,0,26.5
2022-12-01,store_north,1561.96,0,0,41.1
2022-12-02,store_north,1642.11,0,0,35.7
2022-12-03,store_north,1776.15,0,0,32.3
2022-12-04,store_north,1947.16,0,0,35.0
2022-12-05,store_north,1695.51,0,0,26.7
2022-12-06,store_north,1579.71,0,0,36.8
2022-12-07,store_north,1370.03,0,0,30.5
2022-12-08,store_north,1503.17,0,0,30.7
2022-12-09,store_north,1635.76,0,0,29.2
2022-12-10,store_north,1853.2,0,0,28.6
2022-12-11,store_north,1869.12,0,0,33.4
2022-12-12,store_north,1633.89,0,0,31.4
2022-12-13,store_north,1601.48,0,0,32.7
2022-12-14,store_north,1640.06,0,0,29.8
2022-12-15,store_north,1629.35,0,0,31.6
2022-12-16,store_north,1649.9,0,0,27.7
2022-12-17,store_north,1918.05,0,0,38.0
2022-12-18,store_north,1834.27,0,0,22.6
2022-12-19,store_north,1546.67,0,0,33.7
2022-12-20,store_north,1524.85,0,0,33.9
2022-12-21,store_north,1645.88,0,0,24.8
2022-12-22,store_north,1612.06,0,0,36.9
2022-12-23,store_north,1623.32,0,0,31.8
2022-12-24,store_north,1847.33,0,0,31.5
2022-12-25,store_north,1757.96,0,1,27.5
2022-12-26,store_north,1522.53,0,0,26.4
2022-12-27,store_north,1635.78,0,0,26.2
2022-12-28,store_north,1581.29,0,0,28.5
2022-12-29,store_north,1427.53,0,0,32.3
2022-12-30,store_north,1512.07,0,0,27.3
2022-12-31,store_north,1909.93,0,1,22.8
2023-01-01,store_north,1928.46,0,1,29.6
2023-01-02,store_north,1506.94,0,0,29.8
2023-01-03,store_north,1793.75,0,0,28.7
2023-01-04,store_north,1699.01,0,0,28.9
2023-01-05,store_north,1607.71,0,0,24.7
2023-01-06,store_north,1563.31,0,0,22.0
2023-01-07,store_north,1967.97,0,0,22.1
2023-01-08,store_north,1810.32,0,0,19.0
2023-01-09,store_north,1718.74,0,0,26.4
2023-01-10,store_north,1660.33,0,0,25.0
2023-01-11,store_north,1625.56,0,0,23.5
2023-01-12,store_north,1541.75,0,0,13.4
2023-01-13,store_north,1567.38,0,0,20.2
2023-01-14,store_north,2033.7,0,0,29.6
2023-01-15,store_north,1817.38,0,0,22.4
2023-01-16,store_north,1499.97,0,0,26.5
2023-01-17,store_north,1626.24,0,0,19.5
2023-01-18,store_north,1712.95,0,0,30.8
2023-01-19,store_north,1653.4,0,0,24.4
2023-01-20,store_north,1660.94,0,0,26.2
2023-01-21,store_north,1968.55,0,0,34.3
2023-01-22,store_north,2028.86,0,0,31.1
2023-01-23,store_north,1607.82,0,0,23.8
2023-01-24,store_north,1564.34,0,0,22.7
2023-01-25,store_north,1586.96,0,0,23.8
2023-01-26,store_north,1799.36,0,0,27.2
2023-01-27,store_north,1481.01,0,0,24.8
2023-01-28,store_north,1941.87,0,0,23.7
2023-01-29,store_north,1834.78,0,0,31.2
2023-01-30,store_north,2342.99,1,0,24.9
2023-01-31,store_north,1660.88,0,0,34.7
2023-02-01,store_north,1500.24,0,0,25.9
2023-02-02,store_north,1751.52,0,0,32.8
2023-02-03,store_north,1646.95,0,0,27.2
2023-02-04,store_north,1834.74,0,0,29.7
2023-02-05,store_north,2009.69,0,0,23.1
2023-02-06,store_north,1758.24,0,0,22.7
2023-02-07,store_north,1804.54,0,0,28.1
2023-02-08,store_north,1731.74,0,0,30.3
2023-02-09,store_north,1678.78,0,0,26.7
2023-02-10,store_north,1741.76,0,0,21.5
2023-02-11,store_north,2063.56,0,0,21.4
2023-02-12,store_north,2019.04,0,0,21.3
2023-02-13,store_north,1549.94,0,0,20.1
2023-02-14,store_north,1701.12,0,0,27.8
2023-02-15,store_north,1753.33,0,0,32.0
2023-02-16,store_north,1539.92,0,0,27.6
2023-02-17,store_north,1654.48,0,0,18.9
2023-02-18,store_north,2167.65,0,0,27.3
2023-02-19,store_north,2935.38,1,0,27.7
2023-02-20,store_north,1875.5,0,0,36.9
2023-02-21,store_north,1664.19,0,0,22.9
2023-02-22,store_north,1678.81,0,0,27.4
2023-02-23,store_north,1782.28,0,0,36.0
2023-02-24,store_north,1649.75,0,0,31.3
2023-02-25,store_north,1953.38,0,0,32.0
2023-02-26,store_north,3025.56,1,0,30.4
2023-02-27,store_north,2601.01,1,0,31.5
2023-02-28,store_north,1655.04,0,0,33.6
2023-03-01,store_north,1727.24,0,0,27.5
2023-03-02,store_north,1696.44,0,0,34.6
2023-03-03,store_north,1664.7,0,0,25.8
2023-03-04,store_north,2032.94,0,0,32.9
2023-03-05,store_north,2073.28,0,0,32.6
2023-03-06,store_north,1674.65,0,0,29.7
2023-03-07,store_north,1801.47,0,0,32.4
2023-03-08,store_north,1697.83,0,0,30.3
2023-03-09,store_north,1712.04,0,0,28.9
2023-03-10,store_north,1619.98,0,0,32.0
2023-03-11,store_north,2139.27,0,0,29.4
2023-03-12,store_north,2058.63,0,0,35.4
2023-03-13,store_north,1727.84,0,0,29.8
2023-03-14,store_north,1601.63,0,0,37.6
2023-03-15,store_north,1609.79,0,0,30.4
2023-03-16,store_north,1796.28,0,0,33.2
2023-03-17,store_north,1721.39,0,0,33.3
2023-03-18,store_north,1924.6,0,0,41.5
2023-03-19,store_north,2128.63,0,0,37.9
2023-03-20,store_north,1676.6,0,0,36.1
2023-03-21,store_north,1857.73,0,0,39.3
2023-03-22,store_north,1661.59,0,0,29.2
2023-03-23,store_north,1750.99,0,0,37.9
2023-03-24,store_north,1894.26,0,0,46.4
2023-03-25,store_north,1988.9,0,0,39.3
2023-03-26,store_north,1982.77,0,0,39.5
2023-03-27,store_north,1749.8,0,0,41.8
2023-03-28,store_north,1845.57,0,0,43.5
2023-03-29,store_north,1588.06,0,0,32.4
2023-03-30,store_north,1574.02,0,0,34.0
2023-03-31,store_north,1834.41,0,0,42.0
2023-04-01,store_north,1880.92,0,0,38.7
2023-04-02,store_north,1969.93,0,0,47.2
2023-04-03,store_north,1504.15,0,0,41.1
2023-04-04,store_north,1555.26,0,0,35.0
2023-04-05,store_north,1631.27,0,0,38.1
2023-04-06,store_north,1667.15,0,0,32.6
2023-04-07,store_north,1606.28,0,0,43.1
2023-04-08,store_north,2106.22,0,0,43.7
2023-04-09,store_north,1914.77,0,0,43.2
2023-04-10,store_north,1660.8,0,0,49.6
2023-04-11,store_north,1845.18,0,0,50.5
2023-04-12,store_north,1703.23,0,0,45.5
2023-04-13,store_north,1589.2,0,0,38.0
2023-04-14,store_north,1703.15,0,0,49.5
2023-04-15,store_north,2134.47,0,0,49.6
2023-04-16,store_north,2139.16,0,0,49.1
2023-04-17,store_north,1670.74,0,0,52.2
2023-04-18,store_north,1674.51,0,0,44.1
2023-04-19,store_north,1779.5,0,0,57.2
2023-04-20,store_north,1611.63,0,0,45.7
2023-04-21,store_north,1738.47,0,0,53.0
2023-04-22,store_north,1978.56,0,0,43.7
2023-04-23,store_north,2098.96,0,0,47.1
2023-04-24,store_north,1871.67,0,0,57.4
2023-04-25,store_north,1701.1,0,0,50.7
2023-04-26,store_north,1745.3,0,0,55.5
2023-04-27,store_north,1801.62,0,0,53.5
2023-04-28,store_north,1695.2,0,0,52.6
2023-04-29,store_north,2156.42,0,0,58.9
2023-04-30,store_north,2978.56,1,0,52.9
2023-05-01,store_north,1471.46,0,0,47.2
2023-05-02,store_north,1501.03,0,0,51.5
2023-05-03,store_north,1731.76,0,0,57.3
2023-05-04,store_north,1602.43,0,0,57.1
2023-05-05,store_north,1697.87,0,0,49.7
2023-05-06,store_north,1837.08,0,0,53.5
2023-05-07,store_north,1909.38,0,0,54.5
2023-05-08,store_north,1798.42,0,0,55.8
2023-05-09,store_north,1498.94,0,0,52.1
2023-05-10,store_north,1454.2,0,0,55.5
2023-05-11,store_north,1709.26,0,0,55.5
2023-05-12,store_north,1582.36,0,0,61.9
2023-05-13,store_north,1948.17,0,0,62.5
2023-05-14,store_north,1876.85,0,0,59.1
2023-05-15,store_north,1648.14,0,0,58.5
2023-05-16,store_north,1567.42,0,0,61.0
2023-05-17,store_north,1606.84,0,0,57.6
2023-05-18,store_north,1651.37,0,0,56.6
2023-05-19,store_north,1542.91,0,0,57.8
2023-05-20,store_north,1872.52,0,0,59.4
2023-05-21,store_north,1887.61,0,0,57.7
2023-05-22,store_north,1546.38,0,0,63.4
2023-05-23,store_north,1644.46,0,0,66.0
2023-05-24,store_north,1629.68,0,0,57.1
2023-05-25,store_north,1633.14,0,0,63.9
2023-05-26,store_north,1639.58,0,0,63.3
2023-05-27,store_north,1979.17,0,0,65.9
2023-05-28,store_north,1920.35,0,0,64.8
2023-05-29,store_north,1691.88,0,0,59.4
2023-05-30,store_north,1758.99,0,0,60.5
2023-05-31,store_north,1643.35,0,0,66.0
2023-06-01,store_north,1577.09,0,0,70.3
2023-06-02,store_north,1444.62,0,0,57.7
2023-06-03,store_north,2641.0,1,0,68.2
2023-06-04,store_north,1952.53,0,0,71.9
2023-06-05,store_north,1559.56,0,0,66.9
2023-06-06,store_north,1395.69,0,0,70.0
2023-06-07,store_north,1546.26,0,0,65.3
2023-06-08,store_north,1624.37,0,0,67.9
2023-06-09,store_north,1474.44,0,0,62.2
2023-06-10,store_north,1822.47,0,0,59.6
2023-06-11,store_north,1781.67,0,0,73.0
2023-06-12,store_north,1394.06,0,0,65.6
2023-06-13,store_north,1538.56,0,0,68.0
2023-06-14,store_north,1366.5,0,0,64.5
2023-06-15,store_north,1489.04,0,0,64.6
2023-06-16,store_north,1642.18,0,0,69.8
2023-06-17,store_north,1649.97,0,0,67.9
2023-06-18,store_north,1733.32,0,0,72.5
2023-06-19,store_north,2178.06,1,0,73.1
2023-06-20,store_north,1552.44,0,0,72.8
2023-06-21,store_north,1527.85,0,0,72.6
2023-06-22,store_north,1702.31,0,0,78.2
2023-06-23,store_north,1605.45,0,0,67.8
2023-06-24,store_north,1874.0,0,0,72.1
2023-06-25,store_north,1880.93,0,0,77.0
2023-06-26,store_north,1620.08,0,0,77.7
2023-06-27,store_north,1457.21,0,0,67.2
2023-06-28,store_north,1622.36,0,0,71.8
2023-06-29,store_north,1505.72,0,0,78.6
2023-06-30,store_north,1642.52,0,0,75.4
2023-07-01,store_north,1796.17,0,0,74.3
2023-07-02,store_north,1708.72,0,0,72.8
2023-07-03,store_north,1417.03,0,0,72.2
2023-07-04,store_north,1478.77,0,1,75.1
2023-07-05,store_north,1206.93,0,0,73.0
2023-07-06,store_north,1465.48,0,0,74.0
2023-07-07,store_north,1435.71,0,0,74.6
2023-07-08,store_north,1682.21,0,0,71.6
2023-07-09,store_north,1774.87,0,0,76.6
2023-07-10,store_north,1503.02,0,0,86.2
2023-07-11,store_north,1315.93,0,0,67.5
2023-07-12,store_north,1442.39,0,0,76.0
2023-07-13,store_north,1435.99,0,0,71.7
2023-07-14,store_north,1469.58,0,0,77.1
2023-07-15,store_north,1723.12,0,0,75.0
2023-07-16,store_north,1812.34,0,0,77.9
2023-07-17,store_north,1388.02,0,0,79.6
2023-07-18,store_north,1467.84,0,0,75.7
2023-07-19,store_north,1577.9,0,0,79.5
2023-07-20,store_north,1260.15,0,0,65.6
2023-07-21,store_north,1499.7,0,0,81.4
2023-07-22,store_north,1674.73,0,0,76.5
2023-07-23,store_north,1710.29,0,0,79.3
2023-07-24,store_north,1351.97,0,0,70.1
2023-07-25,store_north,1419.42,0,0,71.6
2023-07-26,store_north,1601.75,0,0,75.5
2023-07-27,store_north,1349.75,0,0,74.8
2023-07-28,store_north,1363.9,0,0,76.0
2023-07-29,store_north,1636.33,0,0,79.1
2023-07-30,store_north,1804.84,0,0,67.7
2023-07-31,store_north,1435.35,0,0,78.5
2023-08-01,store_north,1401.91,0,0,74.6
2023-08-02,store_north,1367.03,0,0,73.7
2023-08-03,store_north,1296.55,0,0,68.5
2023-08-04,store_north,1394.92,0,0,76.3
2023-08-05,store_north,1791.38,0,0,64.5
2023-08-06,store_north,1782.41,0,0,76.7
2023-08-07,store_north,1302.03,0,0,68.0
2023-08-08,store_north,1454.47,0,0,74.1
2023-08-09,store_north,1332.0,0,0,73.2
2023-08-10,store_north,1283.29,0,0,78.2
2023-08-11,store_north,1477.75,0,0,72.7
2023-08-12,store_north,1726.69,0,0,70.5
2023-08-13,store_north,2458.56,1,0,71.1
2023-08-14,store_north,1387.6,0,0,78.0
2023-08-15,store_north,1395.49,0,0,74.9
2023-08-16,store_north,1448.46,0,0,71.0
2023-08-17,store_north,1422.21,0,0,71.5
2023-08-18,store_north,1943.06,1,0,65.9
2023-08-19,store_north,1525.47,0,0,73.6
2023-08-20,store_north,1609.11,0,0,64.8
2023-08-21,store_north,1494.82,0,0,74.6
2023-08-22,store_north,1298.47,0,0,71.9
2023-08-23,store_north,1492.51,0,0,80.7
2023-08-24,store_north,1392.64,0,0,66.5
2023-08-25,store_north,1446.33,0,0,70.2
2023-08-26,store_north,1752.14,0,0,77.6
2023-08-27,store_north,1610.26,0,0,74.9
2023-08-28,store_north,1240.97,0,0,67.1
2023-08-29,store_north,1346.09,0,0,70.5
2023-08-30,store_north,1453.96,0,0,69.4
2023-08-31,store_north,1344.2,0,0,70.2
2023-09-01,store_north,1355.58,0,0,66.0
2023-09-02,store_north,1533.67,0,0,68.2
2023-09-03,store_north,1778.7,0,0,61.8
2023-09-04,store_north,1491.43,0,0,68.5
2023-09-05,store_north,1492.48,0,0,69.4
2023-09-06,store_north,1491.89,0,0,66.4
2023-09-07,store_north,1428.5,0,0,60.6
2023-09-08,store_north,1418.75,0,0,70.7
2023-09-09,store_north,1666.02,0,0,67.8
2023-09-10,store_north,1614.64,0,0,63.1
2023-09-11,store_north,1616.34,0,0,64.6
2023-09-12,store_north,1421.45,0,0,59.4
2023-09-13,store_north,1348.72,0,0,60.9
2023-09-14,store_north,1432.15,0,0,62.5
2023-09-15,store_north,1351.36,0,0,69.3
2023-09-16,store_north,1759.65,0,0,61.4
2023-09-17,store_north,1617.71,0,0,66.2
2023-09-18,store_north,1428.02,0,0,61.1
2023-09-19,store_north,1488.79,0,0,63.9
2023-09-20,store_north,1423.87,0,0,62.0
2023-09-21,store_north,1421.24,0,0,65.6
2023-09-22,store_north,1381.54,0,0,59.6
2023-09-23,store_north,1595.37,0,0,55.1
2023-09-24,store_north,1556.48,0,0,55.5
2023-09-25,store_north,1957.85,1,0,58.5
2023-09-26,store_north,1475.59,0,0,55.2
2023-09-27,store_north,1383.32,0,0,61.5
2023-09-28,store_north,1307.77,0,0,57.6
2023-09-29,store_north,1390.25,0,0,68.5
2023-09-30,store_north,1667.41,0,0,51.7
2023-10-01,store_north,1825.92,0,0,59.0
2023-10-02,store_north,1512.08,0,0,53.3
2023-10-03,store_north,1459.73,0,0,55.4
2023-10-04,store_north,1539.27,0,0,57.6
2023-10-05,store_north,1380.14,0,0,47.3
2023-10-06,store_north,1470.42,0,0,57.1
2023-10-07,store_north,1881.96,0,0,63.4
2023-10-08,store_north,1804.49,0,0,53.5
2023-10-09,store_north,2074.51,1,0,56.0
2023-10-10,store_north,1432.6,0,0,58.6
2023-10-11,store_north,1478.71,0,0,53.4
2023-10-12,store_north,2251.62,1,0,51.3
2023-10-13,store_north,1261.07,0,0,44.1
2023-10-14,store_north,1771.57,0,0,55.4
2023-10-15,store_north,1614.94,0,0,51.9
2023-10-16,store_north,1387.04,0,0,47.9
2023-10-17,store_north,1433.82,0,0,52.0
2023-10-18,store_north,1409.79,0,0,48.7
2023-10-19,store_north,1399.7,0,0,48.5
2023-10-20,store_north,1468.07,0,0,52.6
2023-10-21,store_north,1630.5,0,0,44.4
2023-10-22,store_north,1621.65,0,0,53.5
2023-10-23,store_north,1474.28,0,0,43.3
2023-10-24,store_north,1487.54,0,0,45.8
2023-10-25,store_north,1555.0,0,0,55.8
2023-10-26,store_north,1342.67,0,0,52.1
2023-10-27,store_north,1462.55,0,0,47.6
2023-10-28,store_north,1719.22,0,0,43.0
2023-10-29,store_north,1591.63,0,0,44.2
2023-10-30,store_north,1431.74,0,0,46.2
2023-10-31,store_north,1418.5,0,0,45.7
2023-11-01,store_north,1727.78,0,0,44.7
2023-11-02,store_north,1733.4,0,0,44.5
2023-11-03,store_north,1438.78,0,0,43.4
2023-11-04,store_north,2012.33,0,0,38.1
2023-11-05,store_north,1766.02,0,0,41.3
2023-11-06,store_north,1673.17,0,0,46.7
2023-11-07,store_north,1608.29,0,0,37.1
2023-11-08,store_north,1480.27,0,0,41.4
2023-11-09,store_north,1579.89,0,0,38.5
2023-11-10,store_north,1554.46,0,0,41.8
2023-11-11,store_north,1869.94,0,0,39.4
2023-11-12,store_north,1900.57,0,0,46.5
2023-11-13,store_north,1662.11,0,0,42.2
2023-11-14,store_north,2202.66,1,0,34.5
2023-11-15,store_north,1552.62,0,0,42.1
2023-11-16,store_north,1612.34,0,0,35.9
2023-11-17,store_north,1574.07,0,0,36.3
2023-11-18,store_north,1886.81,0,0,39.5
2023-11-19,store_north,1746.7,0,0,35.9
2023-11-20,store_north,1476.82,0,0,41.0
2023-11-21,store_north,1467.72,0,0,34.0
2023-11-22,store_north,1465.44,0,0,34.3
2023-11-23,store_north,1574.79,0,0,33.7
2023-11-24,store_north,1590.25,0,0,33.7
2023-11-25,store_north,1822.52,0,0,40.1
2023-11-26,store_north,1931.9,0,0,37.8
2023-11-27,store_north,1676.82,0,0,41.8
2023-11-28,store_north,1599.85,0,1,43.7
2023-11-29,store_north,1423.36,0,0,30.2
2023-11-30,store_north,1642.93,0,0,34.2
2023-12-01,store_north,1624.43,0,0,28.9
2023-12-02,store_north,1944.16,0,0,30.2
2023-12-03,store_north,1909.61,0,0,30.5
2023-12-04,store_north,1555.37,0,0,28.4
2023-12-05,store_north,1507.19,0,0,28.2
2023-12-06,store_north,1700.37,0,0,31.5
2023-12-07,store_north,1553.16,0,0,26.9
2023-12-08,store_north,1920.05,0,0,34.8
2023-12-09,store_north,1825.85,0,0,27.5
2023-12-10,store_north,1941.11,0,0,42.1
2023-12-11,store_north,1672.06,0,0,28.8
2023-12-12,store_north,1767.46,0,0,30.6
2023-12-13,store_north,1607.8,0,0,24.9
2023-12-14,store_north,1736.3,0,0,36.7
2023-12-15,store_north,1523.93,0,0,34.1
2023-12-16,store_north,1887.26,0,0,30.5
2023-12-17,store_north,1795.88,0,0,23.7
2023-12-18,store_north,1488.13,0,0,29.7
2023-12-19,store_north,1607.89,0,0,24.2
2023-12-20,store_north,1494.88,0,0,34.3
2023-12-21,store_north,1547.69,0,0,31.4
2023-12-22,store_north,1587.89,0,0,28.4
2023-12-23,store_north,1767.19,0,0,18.1
2023-12-24,store_north,2762.8,1,0,23.7
2023-12-25,store_north,1669.44,0,1,30.2
2023-12-26,store_north,1731.1,0,0,32.1
2023-12-27,store_north,1715.65,0,0,31.5
2023-12-28,store_north,1664.97,0,0,20.5
2023-12-29,store_north,1629.24,0,0,27.9
2023-12-30,store_north,1971.11,0,0,30.6
2023-12-31,store_north,1892.38,0,1,19.8
2024-01-01,store_north,1736.61,0,1,26.3
2024-01-02,store_north,1701.71,0,0,27.3
2024-01-03,store_north,1687.82,0,0,24.8
2024-01-04,store_north,1598.81,0,0,18.5
2024-01-05,store_north,1746.06,0,0,24.5
2024-01-06,store_north,2012.31,0,0,24.4
2024-01-07,store_north,1972.94,0,0,25.0
2024-01-08,store_north,1650.25,0,0,23.3
2024-01-09,store_north,1609.86,0,0,23.7
2024-01-10,store_north,1797.56,0,0,25.2
2024-01-11,store_north,2521.16,1,0,27.1
2024-01-12,store_north,1641.29,0,0,24.0
2024-01-13,store_north,2078.7,0,0,23.5
2024-01-14,store_north,2902.79,1,0,25.5
2024-01-15,store_north,1545.81,0,0,17.4
2024-01-16,store_north,1816.75,0,0,27.0
2024-01-17,store_north,1676.89,0,0,25.0
2024-01-18,store_north,1688.57,0,0,25.2
2024-01-19,store_north,1754.26,0,0,28.8
2024-01-20,store_north,2047.81,0,0,17.2
2024-01-21,store_north,1957.58,0,0,17.1
2024-01-22,store_north,1634.02,0,0,26.1
2024-01-23,store_north,1764.9,0,0,25.0
2024-01-24,store_north,1688.77,0,0,25.7
2024-01-25,store_north,1858.91,0,0,23.3
2024-01-26,store_north,1744.49,0,0,27.8
2024-01-27,store_north,1890.75,0,0,28.9
2024-01-28,store_north,2082.05,0,0,27.2
2024-01-29,store_north,1872.71,0,0,24.3
2024-01-30,store_north,1784.85,0,0,17.0
2024-01-31,store_north,1898.41,0,0,28.5
2024-02-01,store_north,1726.2,0,0,30.4
2024-02-02,store_north,1862.88,0,0,28.2
2024-02-03,store_north,1996.63,0,0,22.2
2024-02-04,store_north,2133.86,0,0,28.6
2024-02-05,store_north,2508.91,1,0,29.4
2024-02-06,store_north,1773.18,0,0,32.3
2024-02-07,store_north,2477.8,1,0,22.7
2024-02-08,store_north,1840.76,0,0,25.5
2024-02-09,store_north,1866.38,0,0,29.5
2024-02-10,store_north,2123.94,0,0,26.9
2024-02-11,store_north,1950.08,0,0,22.3
2024-02-12,store_north,1771.2,0,0,28.6
2024-02-13,store_north,1743.53,0,0,29.5
2024-02-14,store_north,2663.39,1,0,27.7
2024-02-15,store_north,1889.22,0,0,28.4
2024-02-16,store_north,1865.61,0,0,26.7
2024-02-17,store_north,2110.94,0,0,33.8
2024-02-18,store_north,1862.19,0,0,24.5
2024-02-19,store_north,1634.83,0,0,26.0
2024-02-20,store_north,1911.67,0,0,28.6
2024-02-21,store_north,1796.53,0,0,32.3
2024-02-22,store_north,1692.55,0,0,23.0
2024-02-23,store_north,1892.4,0,0,24.0
2024-02-24,store_north,2153.6,0,0,21.3
2024-02-25,store_north,2137.54,0,0,29.8
2024-02-26,store_north,1750.82,0,0,25.5
2024-02-27,store_north,1790.32,0,0,28.7
2024-02-28,store_north,1856.0,0,0,33.1
2024-02-29,store_north,1925.43,0,0,28.2
2024-03-01,store_north,1821.73,0,0,32.0
2024-03-02,store_north,2150.7,0,0,30.1
2024-03-03,store_north,2226.18,0,0,34.3
2024-03-04,store_north,1710.06,0,0,33.8
2024-03-05,store_north,2625.02,1,0,29.4
2024-03-06,store_north,1764.76,0,0,31.8
2024-03-07,store_north,2452.52,1,0,37.0
2024-03-08,store_north,1641.81,0,0,34.7
2024-03-09,store_north,1992.02,0,0,27.9
2024-03-10,store_north,2197.55,0,0,36.4
2024-03-11,store_north,1782.21,0,0,29.8
2024-03-12,store_north,1871.44,0,0,40.1
2024-03-13,store_north,2003.26,0,0,38.9
2024-03-14,store_north,1725.02,0,0,36.3
2024-03-15,store_north,1823.17,0,0,36.1
2024-03-16,store_north,2168.03,0,0,35.0
2024-03-17,store_north,2122.34,0,0,38.9
2024-03-18,store_north,1820.08,0,0,35.1
2024-03-19,store_north,1712.65,0,0,37.9
2024-03-20,store_north,1977.28,0,0,40.8
2024-03-21,store_north,2586.57,1,0,35.4
2024-03-22,store_north,2805.89,1,0,35.6
2024-03-23,store_north,2130.47,0,0,33.6
2024-03-24,store_north,2224.26,0,0,34.5
2024-03-25,store_north,1789.71,0,0,31.9
2024-03-26,store_north,1877.7,0,0,42.5
2024-03-27,store_north,1871.83,0,0,47.2
2024-03-28,store_north,1919.17,0,0,46.1
2024-03-29,store_north,1839.85,0,0,34.3
2024-03-30,store_north,2172.23,0,0,44.1
2024-03-31,store_north,2255.82,0,0,47.3
2024-04-01,store_north,1697.89,0,0,40.1
2024-04-02,store_north,1951.0,0,0,42.8
2024-04-03,store_north,1699.2,0,0,34.8
2024-04-04,store_north,1902.49,0,0,44.3
2024-04-05,store_north,2510.1,1,0,39.4
2024-04-06,store_north,2125.53,0,0,44.8
2024-04-07,store_north,1940.03,0,0,38.2
2024-04-08,store_north,1765.33,0,0,47.0
2024-04-09,store_north,1836.07,0,0,49.4
2024-04-10,store_north,1894.65,0,0,42.6
2024-04-11,store_north,1778.28,0,0,41.6
2024-04-12,store_north,1843.75,0,0,37.9
2024-04-13,store_north,2168.23,0,0,45.9
2024-04-14,store_north,2240.02,0,0,45.1
2024-04-15,store_north,1757.32,0,0,41.6
2024-04-16,store_north,2017.79,0,0,50.1
2024-04-17,store_north,1763.81,0,0,46.9
2024-04-18,store_north,1725.83,0,0,44.8
2024-04-19,store_north,1709.77,0,0,47.4
2024-04-20,store_north,3368.34,1,0,54.3
2024-04-21,store_north,2247.32,0,0,52.8
2024-04-22,store_north,1803.47,0,0,50.3
2024-04-23,store_north,1956.5,0,0,53.8
2024-04-24,store_north,1860.93,0,0,47.1
2024-04-25,store_north,2003.12,0,0,52.3
2024-04-26,store_north,1729.06,0,0,53.2
2024-04-27,store_north,2147.17,0,0,51.1
2024-04-28,store_north,2168.15,0,0,55.2
2024-04-29,store_north,1677.34,0,0,50.7
2024-04-30,store_north,1962.94,0,0,56.3
2024-05-01,store_north,1690.12,0,0,56.9
2024-05-02,store_north,1677.9,0,0,43.5
2024-05-03,store_north,1924.63,0,0,60.3
2024-05-04,store_north,1885.05,0,0,43.8
2024-05-05,store_north,1962.95,0,0,53.9
2024-05-06,store_north,1750.26,0,0,60.9
2024-05-07,store_north,1785.62,0,0,55.9
2024-05-08,store_north,1632.53,0,0,51.8
2024-05-09,store_north,1640.83,0,0,53.7
2024-05-10,store_north,1837.86,0,0,62.5
2024-05-11,store_north,2006.18,0,0,51.2
2024-05-12,store_north,1915.9,0,0,63.8
2024-05-13,store_north,1634.39,0,0,59.4
2024-05-14,store_north,1823.94,0,0,55.3
2024-05-15,store_north,1755.92,0,0,58.1
2024-05-16,store_north,1653.7,0,0,56.8
2024-05-17,store_north,1756.36,0,0,64.7
2024-05-18,store_north,2088.74,0,0,64.5
2024-05-19,store_north,2069.53,0,0,55.1
2024-05-20,store_north,1634.77,0,0,60.7
2024-05-21,store_north,2446.32,1,0,59.3
2024-05-22,store_north,1818.19,0,0,68.3
2024-05-23,store_north,1717.62,0,0,58.0
2024-05-24,store_north,1856.36,0,0,70.2
2024-05-25,store_north,1987.64,0,0,64.0
2024-05-26,store_north,2080.72,0,0,59.9
2024-05-27,store_north,1842.63,0,0,62.2
2024-05-28,store_north,1793.46,0,0,62.0
2024-05-29,store_north,1755.1,0,0,60.5
2024-05-30,store_north,1777.06,0,0,66.3
2024-05-31,store_north,1683.67,0,0,61.3
2024-06-01,store_north,1827.73,0,0,57.8
2024-06-02,store_north,1990.23,0,0,65.3
2024-06-03,store_north,1558.23,0,0,60.0
2024-06-04,store_north,1525.12,0,0,64.5
2024-06-05,store_north,1555.15,0,0,64.2
2024-06-06,store_north,1613.68,0,0,64.6
2024-06-07,store_north,1641.93,0,0,76.4
2024-06-08,store_north,1956.41,0,0,68.9
2024-06-09,store_north,1967.41,0,0,69.9
2024-06-10,store_north,1654.19,0,0,62.1
2024-06-11,store_north,1727.11,0,0,66.9
2024-06-12,store_north,1716.66,0,0,70.6
2024-06-13,store_north,1532.99,0,0,65.9
2024-06-14,store_north,1585.86,0,0,73.9
2024-06-15,store_north,1890.1,0,0,65.7
2024-06-16,store_north,1889.34,0,0,69.6
2024-06-17,store_north,1534.86,0,0,68.7
2024-06-18,store_north,1611.16,0,0,71.9
2024-06-19,store_north,1589.96,0,0,68.9
2024-06-20,store_north,1585.09,0,0,70.6
2024-06-21,store_north,1616.04,0,0,71.0
2024-06-22,store_north,2018.04,0,0,69.2
2024-06-23,store_north,1977.68,0,0,74.2
2024-06-24,store_north,1855.5,0,0,73.4
2024-06-25,store_north,1664.58,0,0,72.3
2024-06-26,store_north,1620.51,0,0,71.1
2024-06-27,store_north,1676.27,0,0,76.2
2024-06-28,store_north,1671.76,0,0,72.2
2024-06-29,store_north,1982.65,0,0,72.1
2024-06-30,store_north,2127.62,0,0,73.9
2024-07-01,store_north,1497.36,0,0,80.4
2024-07-02,store_north,1564.43,0,0,68.4
2024-07-03,store_north,1562.18,0,0,77.0
2024-07-04,store_north,1359.15,0,1,66.5
2024-07-05,store_north,1596.27,0,0,75.0
2024-07-06,store_north,1950.4,0,0,80.6
2024-07-07,store_north,1751.69,0,0,76.3
2024-07-08,store_north,1535.3,0,0,75.1
2024-07-09,store_north,1381.78,0,0,72.3
2024-07-10,store_north,1433.51,0,0,74.7
2024-07-11,store_north,1612.15,0,0,73.7
2024-07-12,store_north,1479.23,0,0,71.6
2024-07-13,store_north,1715.06,0,0,73.6
2024-07-14,store_north,1836.11,0,0,75.6
2024-07-15,store_north,1476.76,0,0,71.8
2024-07-16,store_north,1480.42,0,0,71.7
2024-07-17,store_north,1564.78,0,0,69.5
2024-07-18,store_north,1453.69,0,0,76.5
2024-07-19,store_north,1478.1,0,0,77.2
2024-07-20,store_north,1833.68,0,0,75.9
2024-07-21,store_north,1919.28,0,0,78.9
2024-07-22,store_north,1639.65,0,0,75.3
2024-07-23,store_north,1494.61,0,0,76.5
2024-07-24,store_north,1620.85,0,0,76.2
2024-07-25,store_north,1474.0,0,0,74.6
2024-07-26,store_north,1672.64,0,0,72.8
2024-07-27,store_north,1785.86,0,0,83.7
2024-07-28,store_north,1909.64,0,0,73.0
2024-07-29,store_north,1470.66,0,0,72.1
2024-07-30,store_north,1709.66,0,0,76.4
2024-07-31,store_north,1591.47,0,0,75.6
2024-08-01,store_north,1375.32,0,0,68.9
2024-08-02,store_north,1471.44,0,0,78.9
2024-08-03,store_north,1815.39,0,0,73.9
2024-08-04,store_north,1809.67,0,0,69.8
2024-08-05,store_north,1507.99,0,0,78.8
2024-08-06,store_north,1504.1,0,0,76.5
2024-08-07,store_north,1518.14,0,0,68.8
2024-08-08,store_north,1536.03,0,0,80.8
2024-08-09,store_north,1396.25,0,0,76.2
2024-08-10,store_north,1686.15,0,0,73.4
2024-08-11,store_north,1811.81,0,0,79.6
2024-08-12,store_north,1583.8,0,0,73.7
2024-08-13,store_north,1610.9,0,0,72.8
2024-08-14,store_north,1528.98,0,0,70.1
2024-08-15,store_north,1516.82,0,0,74.9
2024-08-16,store_north,1550.54,0,0,74.3
2024-08-17,store_north,1692.29,0,0,72.3
2024-08-18,store_north,1710.88,0,0,68.8
2024-08-19,store_north,1414.17,0,0,72.3
2024-08-20,store_north,1374.72,0,0,71.3
2024-08-21,store_north,1471.75,0,0,66.0
2024-08-22,store_north,1455.73,0,0,65.2
2024-08-23,store_north,1540.81,0,0,73.2
2024-08-24,store_north,1711.2,0,0,60.3
2024-08-25,store_north,1760.38,0,0,71.2
2024-08-26,store_north,1503.29,0,0,68.2
2024-08-27,store_north,1494.49,0,0,75.1
2024-08-28,store_north,1488.96,0,0,67.7
2024-08-29,store_north,2088.91,1,0,72.0
2024-08-30,store_north,1485.06,0,0,67.5
2024-08-31,store_north,1782.97,0,0,69.3
2024-09-01,store_north,1749.34,0,0,71.5
2024-09-02,store_north,1502.53,0,0,66.4
2024-09-03,store_north,1481.11,0,0,71.9
2024-09-04,store_north,1440.81,0,0,63.7
2024-09-05,store_north,1421.49,0,0,68.5
2024-09-06,store_north,1625.85,0,0,70.7
2024-09-07,store_north,1875.1,0,0,69.3
2024-09-08,store_north,1865.58,0,0,74.0
2024-09-09,store_north,1637.95,0,0,63.0
2024-09-10,store_north,1448.91,0,0,60.2
2024-09-11,store_north,1713.85,0,0,61.4
2024-09-12,store_north,1490.08,0,0,67.7
2024-09-13,store_north,1523.1,0,0,66.7
2024-09-14,store_north,1728.26,0,0,64.8
2024-09-15,store_north,1753.83,0,0,59.5
2024-09-16,store_north,1570.3,0,0,66.7
2024-09-17,store_north,1445.78,0,0,58.4
2024-09-18,store_north,1650.97,0,0,67.5
2024-09-19,store_north,1565.84,0,0,74.0
2024-09-20,store_north,1508.0,0,0,63.6
2024-09-21,store_north,1684.83,0,0,64.1
2024-09-22,store_north,1758.89,0,0,59.4
2024-09-23,store_north,1418.57,0,0,53.8
2024-09-24,store_north,2061.9,1,0,58.2
2024-09-25,store_north,1379.87,0,0,55.9
2024-09-26,store_north,1645.33,0,0,54.1
2024-09-27,store_north,1482.78,0,0,66.3
2024-09-28,store_north,1615.36,0,0,60.1
2024-09-29,store_north,1676.5,0,0,60.2
2024-09-30,store_north,1445.65,0,0,57.0
2024-10-01,store_north,1622.99,0,0,57.1
2024-10-02,store_north,1650.35,0,0,61.3
2024-10-03,store_north,1632.22,0,0,56.9
2024-10-04,store_north,1538.49,0,0,58.7
2024-10-05,store_north,1878.75,0,0,55.4
2024-10-06,store_north,1774.15,0,0,54.4
2024-10-07,store_north,1483.66,0,0,49.7
2024-10-08,store_north,1442.75,0,0,47.0
2024-10-09,store_north,1462.54,0,0,53.4
2024-10-10,store_north,1648.42,0,0,54.3
2024-10-11,store_north,1581.52,0,0,48.5
2024-10-12,store_north,1914.19,0,0,53.1
2024-10-13,store_north,1838.93,0,0,53.0
2024-10-14,store_north,1558.79,0,0,43.7
2024-10-15,store_north,1385.02,0,0,48.3
2024-10-16,store_north,1626.33,0,0,53.1
2024-10-17,store_north,1568.42,0,0,52.6
2024-10-18,store_north,1562.42,0,0,46.0
2024-10-19,store_north,1851.57,0,0,50.8
2024-10-20,store_north,1765.36,0,0,53.9
2024-10-21,store_north,1434.34,0,0,52.5
2024-10-22,store_north,1472.33,0,0,48.5
2024-10-23,store_north,1562.41,0,0,46.6
2024-10-24,store_north,1565.76,0,0,45.5
2024-10-25,store_north,1426.75,0,0,49.5
2024-10-26,store_north,1722.99,0,0,48.0
2024-10-27,store_north,1753.81,0,0,49.3
2024-10-28,store_north,1491.46,0,0,46.9
2024-10-29,store_north,1426.22,0,0,49.2
2024-10-30,store_north,1400.34,0,0,45.9
2024-10-31,store_north,1463.6,0,0,48.2
2024-11-01,store_north,1705.89,0,0,48.1
2024-11-02,store_north,1850.71,0,0,41.0
2024-11-03,store_north,1898.87,0,0,36.6
2024-11-04,store_north,1794.71,0,0,49.6
2024-11-05,store_north,1566.45,0,0,44.0
2024-11-06,store_north,1595.09,0,0,35.7
2024-11-07,store_north,1719.49,0,0,39.3
2024-11-08,store_north,1643.83,0,0,44.9
2024-11-09,store_north,1894.75,0,0,40.2
2024-11-10,store_north,2891.16,1,0,38.9
2024-11-11,store_north,1662.92,0,0,46.2
2024-11-12,store_north,1703.22,0,0,36.0
2024-11-13,store_north,1653.73,0,0,36.6
2024-11-14,store_north,1618.3,0,0,40.2
2024-11-15,store_north,1686.7,0,0,40.5
2024-11-16,store_north,1971.29,0,0,40.6
2024-11-17,store_north,2038.41,0,0,41.9
2024-11-18,store_north,1591.55,0,0,38.6
2024-11-19,store_north,1644.61,0,0,39.4
2024-11-20,store_north,1612.57,0,0,36.1
2024-11-21,store_north,1680.66,0,0,37.0
2024-11-22,store_north,1541.25,0,0,36.8
2024-11-23,store_north,1997.7,0,0,36.9
2024-11-24,store_north,1969.79,0,0,38.7
2024-11-25,store_north,1523.86,0,0,37.5
2024-11-26,store_north,1709.01,0,0,35.1
2024-11-27,store_north,1764.42,0,0,31.4
2024-11-28,store_north,1688.8,0,1,34.6
2024-11-29,store_north,1717.93,0,0,33.8
2024-11-30,store_north,1904.28,0,0,34.4
2024-12-01,store_north,2026.52,0,0,42.1
2024-12-02,store_north,1594.16,0,0,30.9
2024-12-03,store_north,1789.74,0,0,34.4
2024-12-04,store_north,2544.61,1,0,36.6
2024-12-05,store_north,1681.67,0,0,32.5
2024-12-06,store_north,1818.43,0,0,41.1
2024-12-07,store_north,2097.37,0,0,30.0
2024-12-08,store_north,1955.71,0,0,32.5
2024-12-09,store_north,1682.56,0,0,27.7
2024-12-10,store_north,1851.48,0,0,29.2
2024-12-11,store_north,1661.77,0,0,31.4
2024-12-12,store_north,1834.43,0,0,33.5
2024-12-13,store_north,1707.65,0,0,31.1
2024-12-14,store_north,2137.47,0,0,34.6
2024-12-15,store_north,2129.13,0,0,29.0
2024-12-16,store_north,1780.13,0,0,27.8
2024-12-17,store_north,1887.96,0,0,39.7
2024-12-18,store_north,1648.56,0,0,30.2
2024-12-19,store_north,1793.08,0,0,25.5
2024-12-20,store_north,1635.14,0,0,25.4
2024-12-21,store_north,2019.81,0,0,24.2
2024-12-22,store_north,2088.29,0,0,31.5
2024-12-23,store_north,1748.61,0,0,26.1
2024-12-24,store_north,1751.09,0,0,27.9
2024-12-25,store_north,1649.41,0,1,27.0
2024-12-26,store_north,1632.98,0,0,30.0
2024-12-27,store_north,1759.72,0,0,23.5
2024-12-28,store_north,1999.24,0,0,22.4
2024-12-29,store_north,2123.77,0,0,27.5
2024-12-30,store_north,1729.33,0,0,28.8
2024-12-31,store_north,1611.15,0,1,27.6
2022-01-01,store_south,1260.35,0,1,20.3
2022-01-02,store_south,1223.08,0,0,26.6
2022-01-03,store_south,1665.52,1,0,22.3
2022-01-04,store_south,1010.53,0,0,24.1
2022-01-05,store_south,1122.75,0,0,30.0
2022-01-06,store_south,1121.78,0,0,27.6
2022-01-07,store_south,1184.08,0,0,27.9
2022-01-08,store_south,1222.28,0,0,18.4
2022-01-09,store_south,1305.68,0,0,32.8
2022-01-10,store_south,1098.1,0,0,20.6
2022-01-11,store_south,1227.04,0,0,31.4
2022-01-12,store_south,1319.07,0,0,29.3
2022-01-13,store_south,1006.35,0,0,27.5
2022-01-14,store_south,1122.6,0,0,21.7
2022-01-15,store_south,1232.78,0,0,25.7
2022-01-16,store_south,1386.2,0,0,23.2
2022-01-17,store_south,1041.19,0,0,25.1
2022-01-18,store_south,1056.78,0,0,24.0
2022-01-19,store_south,1026.77,0,0,16.8
2022-01-20,store_south,1133.8,0,0,29.5
2022-01-21,store_south,1643.03,1,0,24.7
2022-01-22,store_south,1345.34,0,0,23.1
2022-01-23,store_south,1892.26,1,0,22.8
2022-01-24,store_south,1019.42,0,0,26.5
2022-01-25,store_south,1158.52,0,0,21.5
2022-01-26,store_south,1068.3,0,0,16.1
2022-01-27,store_south,1221.5,0,0,26.8
2022-01-28,store_south,1074.93,0,0,27.3
2022-01-29,store_south,1190.2,0,0,24.5
2022-01-30,store_south,1293.2,0,0,20.8
2022-01-31,store_south,1228.46,0,0,25.8
2022-02-01,store_south,1131.04,0,0,19.7
2022-02-02,store_south,1112.37,0,0,21.5
2022-02-03,store_south,1065.52,0,0,22.7
2022-02-04,store_south,1310.75,0,0,29.2
2022-02-05,store_south,1269.14,0,0,24.5
2022-02-06,store_south,1292.52,0,0,24.3
2022-02-07,store_south,1242.54,0,0,34.0
2022-02-08,store_south,1015.31,0,0,27.8
2022-02-09,store_south,1266.61,0,0,27.9
2022-02-10,store_south,1200.59,0,0,25.2
2022-02-11,store_south,1735.1,1,0,24.4
2022-02-12,store_south,1359.42,0,0,18.2
2022-02-13,store_south,1383.09,0,0,31.0
2022-02-14,store_south,1088.16,0,0,29.1
2022-02-15,store_south,1149.92,0,0,26.8
2022-02-16,store_south,1608.94,1,0,27.2
2022-02-17,store_south,1222.46,0,0,30.8
2022-02-18,store_south,1200.45,0,0,21.9
2022-02-19,store_south,1484.7,0,0,26.0
2022-02-20,store_south,1384.26,0,0,24.0
2022-02-21,store_south,1285.84,0,0,35.8
2022-02-22,store_south,1170.49,0,0,32.5
2022-02-23,store_south,1091.52,0,0,20.4
2022-02-24,store_south,1184.14,0,0,23.4
2022-02-25,store_south,1146.71,0,0,29.2
2022-02-26,store_south,1404.56,0,0,28.1
2022-02-27,store_south,1278.59,0,0,24.9
2022-02-28,store_south,1157.09,0,0,38.3
2022-03-01,store_south,1218.51,0,0,32.0
2022-03-02,store_south,1243.85,0,0,32.9
2022-03-03,store_south,1071.36,0,0,28.6
2022-03-04,store_south,1235.53,0,0,34.5
2022-03-05,store_south,1943.12,1,0,30.4
2022-03-06,store_south,1375.5,0,0,31.1
2022-03-07,store_south,1298.74,0,0,35.0
2022-03-08,store_south,1204.76,0,0,26.3
2022-03-09,store_south,1273.89,0,0,39.5
2022-03-10,store_south,1335.14,0,0,34.2
2022-03-11,store_south,1151.4,0,0,38.9
2022-03-12,store_south,1290.03,0,0,29.8
2022-03-13,store_south,1317.43,0,0,30.8
2022-03-14,store_south,1142.18,0,0,30.1
2022-03-15,store_south,1006.2,0,0,36.1
2022-03-16,store_south,1176.28,0,0,35.7
2022-03-17,store_south,1140.33,0,0,34.0
2022-03-18,store_south,1237.23,0,0,32.1
2022-03-19,store_south,1410.52,0,0,31.5
2022-03-20,store_south,1367.39,0,0,36.7
2022-03-21,store_south,1240.23,0,0,35.4
2022-03-22,store_south,1248.57,0,0,34.9
2022-03-23,store_south,1178.89,0,0,44.2
2022-03-24,store_south,1168.8,0,0,38.1
2022-03-25,store_south,1061.28,0,0,43.9
2022-03-26,store_south,1332.89,0,0,37.0
2022-03-27,store_south,1383.1,0,0,40.5
2022-03-28,store_south,1224.48,0,0,39.7
2022-03-29,store_south,1110.54,0,0,33.6
2022-03-30,store_south,1213.94,0,0,46.5
2022-03-31,store_south,1126.31,0,0,40.6
2022-04-01,store_south,1181.56,0,0,44.5
2022-04-02,store_south,1379.73,0,0,39.0
2022-04-03,store_south,1394.49,0,0,41.7
2022-04-04,store_south,1143.89,0,0,39.3
2022-04-05,store_south,1063.97,0,0,48.1
2022-04-06,store_south,1121.65,0,0,44.9
2022-04-07,store_south,1142.22,0,0,45.5
2022-04-08,store_south,1164.78,0,0,49.9
2022-04-09,store_south,1416.66,0,0,49.5
2022-04-10,store_south,1518.42,0,0,48.4
2022-04-11,store_south,1213.9,0,0,40.0
2022-04-12,store_south,1086.92,0,0,43.4
2022-04-13,store_south,1216.52,0,0,42.6
2022-04-14,store_south,1250.59,0,0,49.9
2022-04-15,store_south,1126.25,0,0,48.1
2022-04-16,store_south,1439.08,0,0,42.3
2022-04-17,store_south,1389.68,0,0,47.5
2022-04-18,store_south,1052.16,0,0,42.7
2022-04-19,store_south,1771.09,1,0,48.9
2022-04-20,store_south,1184.11,0,0,42.9
2022-04-21,store_south,1194.83,0,0,52.1
2022-04-22,store_south,1209.55,0,0,51.9
2022-04-23,store_south,1412.47,0,0,58.5
2022-04-24,store_south,1496.71,0,0,54.7
2022-04-25,store_south,1200.59,0,0,50.0
2022-04-26,store_south,1244.82,0,0,55.4
2022-04-27,store_south,1218.12,0,0,47.0
2022-04-28,store_south,1108.43,0,0,49.2
2022-04-29,store_south,1157.8,0,0,54.8
2022-04-30,store_south,1217.72,0,0,45.2
2022-05-01,store_south,1361.34,0,0,54.1
2022-05-02,store_south,1002.72,0,0,50.6
2022-05-03,store_south,1638.19,1,0,55.5
2022-05-04,store_south,1629.28,1,0,51.2
2022-05-05,store_south,1181.1,0,0,57.7
2022-05-06,store_south,1031.44,0,0,56.5
2022-05-07,store_south,1358.03,0,0,62.4
2022-05-08,store_south,1469.4,0,0,57.2
2022-05-09,store_south,1761.2,1,0,54.5
2022-05-10,store_south,1210.8,0,0,57.0
2022-05-11,store_south,1140.91,0,0,53.1
2022-05-12,store_south,1067.79,0,0,60.5
2022-05-13,store_south,1730.44,1,0,61.6
2022-05-14,store_south,1392.06,0,0,69.5
2022-05-15,store_south,1385.17,0,0,57.5
2022-05-16,store_south,1093.89,0,0,59.4
2022-05-17,store_south,1127.17,0,0,58.5
2022-05-18,store_south,1170.73,0,0,62.1
2022-05-19,store_south,1182.54,0,0,63.1
2022-05-20,store_south,1196.43,0,0,61.8
2022-05-21,store_south,1346.04,0,0,66.7
2022-05-22,store_south,1250.39,0,0,60.2
2022-05-23,store_south,1312.25,0,0,67.0
2022-05-24,store_south,1375.2,0,0,65.6
2022-05-25,store_south,1203.74,0,0,63.8
2022-05-26,store_south,1058.45,0,0,62.9
2022-05-27,store_south,1155.0,0,0,74.2
2022-05-28,store_south,1408.42,0,0,61.6
2022-05-29,store_south,1501.51,0,0,66.4
2022-05-30,store_south,1067.11,0,0,62.6
2022-05-31,store_south,1202.87,0,0,73.0
2022-06-01,store_south,1093.98,0,0,69.8
2022-06-02,store_south,1123.16,0,0,63.8
2022-06-03,store_south,1047.94,0,0,68.9
2022-06-04,store_south,1140.84,0,0,68.2
2022-06-05,store_south,1302.35,0,0,65.4
2022-06-06,store_south,1174.35,0,0,70.8
2022-06-07,store_south,1073.2,0,0,69.6
2022-06-08,store_south,1110.89,0,0,69.2
2022-06-09,store_south,1037.75,0,0,68.5
2022-06-10,store_south,1017.43,0,0,70.7
2022-06-11,store_south,1935.51,1,0,70.2
2022-06-12,store_south,1307.58,0,0,69.7
2022-06-13,store_south,1110.85,0,0,67.2
2022-06-14,store_south,1232.12,0,0,76.8
2022-06-15,store_south,983.2,0,0,66.1
2022-06-16,store_south,1049.44,0,0,72.2
2022-06-17,store_south,1095.1,0,0,69.5
2022-06-18,store_south,1274.68,0,0,78.1
2022-06-19,store_south,1331.54,0,0,67.6
2022-06-20,store_south,1064.41,0,0,68.5
2022-06-21,store_south,997.31,0,0,67.8
2022-06-22,store_south,1599.59,1,0,73.2
2022-06-23,store_south,1085.99,0,0,66.6
2022-06-24,store_south,1163.25,0,0,70.4
2022-06-25,store_south,1284.15,0,0,63.9
2022-06-26,store_south,1338.12,0,0,73.6
2022-06-27,store_south,1117.04,0,0,70.9
2022-06-28,store_south,1060.87,0,0,67.1
2022-06-29,store_south,1062.74,0,0,77.5
2022-06-30,store_south,1104.05,0,0,68.1
2022-07-01,store_south,999.65,0,0,76.7
2022-07-02,store_south,1320.02,0,0,70.8
2022-07-03,store_south,1335.03,0,0,80.2
2022-07-04,store_south,1078.7,0,1,76.9
2022-07-05,store_south,1032.05,0,0,70.0
2022-07-06,store_south,996.88,0,0,70.5
2022-07-07,store_south,927.23,0,0,76.7
2022-07-08,store_south,998.14,0,0,73.3
2022-07-09,store_south,1208.8,0,0,73.8
2022-07-10,store_south,1246.06,0,0,79.6
2022-07-11,store_south,1047.4,0,0,71.6
2022-07-12,store_south,1097.1,0,0,75.0
2022-07-13,store_south,981.92,0,0,78.6
2022-07-14,store_south,980.93,0,0,78.0
2022-07-15,store_south,1137.17,0,0,74.2
2022-07-16,store_south,1264.78,0,0,73.7
2022-07-17,store_south,1145.9,0,0,68.0
2022-07-18,store_south,999.98,0,0,70.7
2022-07-19,store_south,1022.0,0,0,76.3
2022-07-20,store_south,1026.04,0,0,74.4
2022-07-21,store_south,1527.17,1,0,75.3
2022-07-22,store_south,1245.18,0,0,79.2
2022-07-23,store_south,1204.8,0,0,70.2
2022-07-24,store_south,1260.31,0,0,74.0
2022-07-25,store_south,895.02,0,0,75.7
2022-07-26,store_south,977.48,0,0,72.1
2022-07-27,store_south,1147.87,0,0,80.6
2022-07-28,store_south,1073.77,0,0,78.5
2022-07-29,store_south,680.96,0,0,75.9
2022-07-30,store_south,1299.43,0,0,81.9
2022-07-31,store_south,1338.66,0,0,68.7
2022-08-01,store_south,834.62,0,0,74.5
2022-08-02,store_south,1121.45,0,0,76.0
2022-08-03,store_south,758.84,0,0,70.7
2022-08-04,store_south,1073.85,0,0,75.5
2022-08-05,store_south,976.84,0,0,69.8
2022-08-06,store_south,997.26,0,0,76.8
2022-08-07,store_south,1227.31,0,0,78.2
2022-08-08,store_south,1089.9,0,0,74.9
2022-08-09,store_south,994.72,0,0,66.3
2022-08-10,store_south,1025.51,0,0,69.7
2022-08-11,store_south,968.62,0,0,75.7
2022-08-12,store_south,844.17,0,0,73.4
2022-08-13,store_south,1178.47,0,0,62.3
2022-08-14,store_south,1332.8,0,0,77.9
2022-08-15,store_south,1084.18,0,0,73.3
2022-08-16,store_south,819.96,0,0,69.3
2022-08-17,store_south,884.78,0,0,76.4
2022-08-18,store_south,912.59,0,0,69.5
2022-08-19,store_south,852.2,0,0,69.2
2022-08-20,store_south,1177.6,0,0,73.2
2022-08-21,store_south,1230.32,0,0,78.7
2022-08-22,store_south,898.64,0,0,77.9
2022-08-23,store_south,1055.55,0,0,72.6
2022-08-24,store_south,1042.43,0,0,72.7
2022-08-25,store_south,954.86,0,0,73.8
2022-08-26,store_south,953.25,0,0,65.4
2022-08-27,store_south,1018.35,0,0,72.7
2022-08-28,store_south,1122.3,0,0,67.0
2022-08-29,store_south,989.47,0,0,70.9
2022-08-30,store_south,993.37,0,0,68.5
2022-08-31,store_south,1020.48,0,0,71.1
2022-09-01,store_south,1036.07,0,0,69.3
2022-09-02,store_south,944.51,0,0,56.2
2022-09-03,store_south,1221.57,0,0,69.0
2022-09-04,store_south,1286.39,0,0,70.5
2022-09-05,store_south,1010.62,0,0,69.4
2022-09-06,store_south,1034.15,0,0,66.9
2022-09-07,store_south,1020.33,0,0,73.6
2022-09-08,store_south,961.63,0,0,67.9
2022-09-09,store_south,1056.22,0,0,68.1
2022-09-10,store_south,1162.65,0,0,70.2
2022-09-11,store_south,1224.12,0,0,67.2
2022-09-12,store_south,992.61,0,0,61.8
2022-09-13,store_south,940.75,0,0,55.3
2022-09-14,store_south,968.61,0,0,62.8
2022-09-15,store_south,972.62,0,0,67.4
2022-09-16,store_south,862.96,0,0,62.6
2022-09-17,store_south,1224.43,0,0,66.8
2022-09-18,store_south,1198.85,0,0,63.9
2022-09-19,store_south,1085.06,0,0,68.1
2022-09-20,store_south,948.44,0,0,61.4
2022-09-21,store_south,1153.44,0,0,64.0
2022-09-22,store_south,970.84,0,0,63.8
2022-09-23,store_south,945.72,0,0,67.4
2022-09-24,store_south,1057.85,0,0,54.2
2022-09-25,store_south,1020.42,0,0,58.8
2022-09-26,store_south,1124.32,0,0,63.6
2022-09-27,store_south,1121.15,0,0,66.0
2022-09-28,store_south,1037.62,0,0,60.4
2022-09-29,store_south,908.15,0,0,57.9
2022-09-30,store_south,1140.04,0,0,61.7
2022-10-01,store_south,1250.69,0,0,61.7
2022-10-02,store_south,1230.64,0,0,56.4
2022-10-03,store_south,1668.78,1,0,58.7
2022-10-04,store_south,1137.5,0,0,61.7
2022-10-05,store_south,1271.65,0,0,64.2
2022-10-06,store_south,1094.19,0,0,59.1
2022-10-07,store_south,1028.99,0,0,55.9
2022-10-08,store_south,1198.97,0,0,55.1
2022-10-09,store_south,1110.83,0,0,57.1
2022-10-10,store_south,1031.18,0,0,54.0
2022-10-11,store_south,1148.79,0,0,54.8
2022-10-12,store_south,1082.05,0,0,49.4
2022-10-13,store_south,1074.93,0,0,58.4
2022-10-14,store_south,950.04,0,0,48.2
2022-10-15,store_south,1245.74,0,0,50.6
2022-10-16,store_south,1317.6,0,0,52.3
2022-10-17,store_south,1113.61,0,0,59.5
2022-10-18,store_south,1049.17,0,0,49.4
2022-10-19,store_south,966.31,0,0,48.0
2022-10-20,store_south,1099.87,0,0,48.0
2022-10-21,store_south,816.66,0,0,56.4
2022-10-22,store_south,1196.68,0,0,38.1
2022-10-23,store_south,1406.83,0,0,44.9
2022-10-24,store_south,960.48,0,0,59.4
2022-10-25,store_south,1023.17,0,0,50.4
2022-10-26,store_south,1010.86,0,0,43.2
2022-10-27,store_south,991.39,0,0,47.0
2022-10-28,store_south,1111.65,0,0,47.1
2022-10-29,store_south,1265.83,0,0,49.7
2022-10-30,store_south,1258.76,0,0,53.3
2022-10-31,store_south,1093.46,0,0,47.1
2022-11-01,store_south,1125.79,0,0,42.9
2022-11-02,store_south,1402.76,0,0,47.8
2022-11-03,store_south,1130.09,0,0,41.4
2022-11-04,store_south,1125.44,0,0,39.7
2022-11-05,store_south,1154.17,0,0,36.4
2022-11-06,store_south,1249.99,0,0,36.7
2022-11-07,store_south,1199.21,0,0,39.0
2022-11-08,store_south,1488.62,1,0,37.5
2022-11-09,store_south,954.92,0,0,43.0
2022-11-10,store_south,1099.19,0,0,36.6
2022-11-11,store_south,1166.98,0,0,28.4
2022-11-12,store_south,1297.11,0,0,36.4
2022-11-13,store_south,1278.01,0,0,38.3
2022-11-14,store_south,952.99,0,0,37.3
2022-11-15,store_south,1177.48,0,0,45.5
2022-11-16,store_south,1151.28,0,0,36.5
2022-11-17,store_south,983.28,0,0,42.1
2022-11-18,store_south,1197.6,0,0,38.1
2022-11-19,store_south,1365.0,0,0,37.7
2022-11-20,store_south,1374.39,0,0,34.1
2022-11-21,store_south,1148.26,0,0,36.9
2022-11-22,store_south,1138.68,0,0,33.7
2022-11-23,store_south,1144.77,0,0,37.0
2022-11-24,store_south,1163.27,0,0,35.1
2022-11-25,store_south,933.11,0,0,31.9
2022-11-26,store_south,1195.48,0,0,39.3
2022-11-27,store_south,1242.11,0,0,36.7
2022-11-28,store_south,1073.78,0,1,32.8
2022-11-29,store_south,1125.44,0,0,34.9
2022-11-30,store_south,1114.6,0,0,33.6
2022-12-01,store_south,1268.65,0,0,30.2
2022-12-02,store_south,1289.88,0,0,33.6
2022-12-03,store_south,1324.75,0,0,30.5
2022-12-04,store_south,1403.86,0,0,28.9
2022-12-05,store_south,1089.86,0,0,25.9
2022-12-06,store_south,1168.46,0,0,30.6
2022-12-07,store_south,1227.88,0,0,34.0
2022-12-08,store_south,901.13,0,0,28.7
2022-12-09,store_south,1434.59,0,0,41.3
2022-12-10,store_south,1467.7,0,0,34.4
2022-12-11,store_south,1384.02,0,0,35.8
2022-12-12,store_south,1355.43,0,0,33.5
2022-12-13,store_south,1195.12,0,0,37.5
2022-12-14,store_south,1175.7,0,0,26.7
2022-12-15,store_south,1086.96,0,0,19.3
2022-12-16,store_south,1302.6,0,0,27.6
2022-12-17,store_south,1397.1,0,0,31.3
2022-12-18,store_south,1406.05,0,0,29.5
2022-12-19,store_south,1279.53,0,0,29.7
2022-12-20,store_south,1251.71,0,0,33.7
2022-12-21,store_south,1179.51,0,0,29.7
2022-12-22,store_south,1280.9,0,0,31.2
2022-12-23,store_south,1356.92,0,0,24.0
2022-12-24,store_south,1382.11,0,0,23.2
2022-12-25,store_south,1434.23,0,1,33.9
2022-12-26,store_south,1187.89,0,0,27.6
2022-12-27,store_south,1783.94,1,0,24.6
2022-12-28,store_south,1109.54,0,0,24.4
2022-12-29,store_south,1134.07,0,0,24.1
2022-12-30,store_south,1031.55,0,0,23.7
2022-12-31,store_south,1252.46,0,1,21.3
2023-01-01,store_south,1388.95,0,1,20.3
2023-01-02,store_south,1237.39,0,0,25.4
2023-01-03,store_south,1373.84,0,0,23.7
2023-01-04,store_south,1886.15,1,0,30.3
2023-01-05,store_south,1179.18,0,0,27.0
2023-01-06,store_south,1193.02,0,0,26.8
2023-01-07,store_south,1558.74,0,0,22.6
2023-01-08,store_south,1555.65,0,0,25.0
2023-01-09,store_south,1255.23,0,0,26.9
2023-01-10,store_south,1225.71,0,0,28.2
2023-01-11,store_south,1332.34,0,0,24.9
2023-01-12,store_south,1190.02,0,0,29.5
2023-01-13,store_south,1276.11,0,0,25.2
2023-01-14,store_south,1672.16,0,0,28.3
2023-01-15,store_south,1471.89,0,0,23.1
2023-01-16,store_south,1140.94,0,0,17.8
2023-01-17,store_south,1284.22,0,0,26.1
2023-01-18,store_south,1224.64,0,0,27.9
2023-01-19,store_south,1147.54,0,0,27.3
2023-01-20,store_south,1311.95,0,0,26.7
2023-01-21,store_south,1550.71,0,0,23.6
2023-01-22,store_south,1424.38,0,0,21.8
2023-01-23,store_south,1229.99,0,0,27.2
2023-01-24,store_south,1180.85,0,0,26.8
2023-01-25,store_south,1223.42,0,0,22.9
2023-01-26,store_south,1229.82,0,0,29.6
2023-01-27,store_south,1148.3,0,0,21.7
2023-01-28,store_south,1610.82,0,0,22.9
2023-01-29,store_south,1558.5,0,0,31.9
2023-01-30,store_south,1317.86,0,0,28.9
2023-01-31,store_south,1315.04,0,0,24.0
2023-02-01,store_south,1350.7,0,0,26.7
2023-02-02,store_south,1253.74,0,0,26.3
2023-02-03,store_south,1240.51,0,0,14.8
2023-02-04,store_south,1469.4,0,0,22.2
2023-02-05,store_south,1551.28,0,0,25.8
2023-02-06,store_south,1306.06,0,0,24.7
2023-02-07,store_south,1263.63,0,0,27.2
2023-02-08,store_south,1210.12,0,0,30.9
2023-02-09,store_south,1294.79,0,0,25.2
2023-02-10,store_south,1250.45,0,0,22.4
2023-02-11,store_south,1384.04,0,0,28.1
2023-02-12,store_south,1559.12,0,0,25.7
2023-02-13,store_south,1369.56,0,0,26.5
2023-02-14,store_south,1492.78,0,0,26.2
2023-02-15,store_south,1321.21,0,0,36.5
2023-02-16,store_south,1203.83,0,0,18.7
2023-02-17,store_south,1203.98,0,0,26.3
2023-02-18,store_south,1554.84,0,0,28.1
2023-02-19,store_south,1534.31,0,0,25.2
2023-02-20,store_south,1263.52,0,0,32.1
2023-02-21,store_south,1314.07,0,0,32.0
2023-02-22,store_south,1150.91,0,0,28.8
2023-02-23,store_south,1379.76,0,0,28.1
2023-02-24,store_south,1249.62,0,0,29.0
2023-02-25,store_south,1546.93,0,0,29.3
2023-02-26,store_south,1438.54,0,0,29.7
2023-02-27,store_south,1268.55,0,0,29.5
2023-02-28,store_south,1305.29,0,0,31.5
2023-03-01,store_south,1310.81,0,0,33.8
2023-03-02,store_south,1305.57,0,0,26.1
2023-03-03,store_south,1388.55,0,0,27.1
2023-03-04,store_south,1544.36,0,0,24.6
2023-03-05,store_south,1637.6,0,0,35.4
2023-03-06,store_south,1425.92,0,0,33.2
2023-03-07,store_south,1363.95,0,0,34.5
2023-03-08,store_south,1272.18,0,0,27.1
2023-03-09,store_south,1433.59,0,0,40.3
2023-03-10,store_south,1384.7,0,0,31.0
2023-03-11,store_south,1608.78,0,0,34.5
2023-03-12,store_south,1462.29,0,0,37.5
2023-03-13,store_south,1229.56,0,0,30.5
2023-03-14,store_south,1287.62,0,0,32.6
2023-03-15,store_south,1391.44,0,0,35.8
2023-03-16,store_south,1392.85,0,0,46.9
2023-03-17,store_south,1427.77,0,0,37.0
2023-03-18,store_south,1721.87,0,0,42.6
2023-03-19,store_south,1704.4,0,0,41.4
2023-03-20,store_south,1442.34,0,0,38.4
2023-03-21,store_south,1233.48,0,0,33.3
2023-03-22,store_south,1405.94,0,0,41.9
2023-03-23,store_south,1260.98,0,0,32.0
2023-03-24,store_south,1253.4,0,0,44.8
2023-03-25,store_south,1575.79,0,0,39.6
2023-03-26,store_south,1628.49,0,0,28.6
2023-03-27,store_south,1384.34,0,0,38.2
2023-03-28,store_south,1535.09,0,0,42.6
2023-03-29,store_south,1369.51,0,0,39.4
2023-03-30,store_south,1576.39,0,0,43.6
2023-03-31,store_south,1360.52,0,0,37.8
2023-04-01,store_south,1482.46,0,0,36.3
2023-04-02,store_south,1413.69,0,0,41.7
2023-04-03,store_south,1378.54,0,0,42.5
2023-04-04,store_south,1243.73,0,0,41.4
2023-04-05,store_south,1269.77,0,0,48.1
2023-04-06,store_south,1380.57,0,0,40.2
2023-04-07,store_south,1399.24,0,0,45.3
2023-04-08,store_south,2321.41,1,0,44.7
2023-04-09,store_south,1470.12,0,0,38.6
2023-04-10,store_south,1274.32,0,0,40.0
2023-04-11,store_south,1305.92,0,0,45.8
2023-04-12,store_south,1419.84,0,0,54.1
2023-04-13,store_south,1453.07,0,0,48.9
2023-04-14,store_south,1309.69,0,0,40.1
2023-04-15,store_south,1635.52,0,0,35.0
2023-04-16,store_south,2365.31,1,0,50.8
2023-04-17,store_south,1305.97,0,0,47.9
2023-04-18,store_south,1421.38,0,0,53.3
2023-04-19,store_south,1449.27,0,0,45.6
2023-04-20,store_south,2107.21,1,0,51.0
2023-04-21,store_south,1451.78,0,0,53.4
2023-04-22,store_south,1572.34,0,0,48.6
2023-04-23,store_south,1556.78,0,0,49.2
2023-04-24,store_south,1392.93,0,0,51.4
2023-04-25,store_south,1495.08,0,0,53.9
2023-04-26,store_south,1386.2,0,0,52.1
2023-04-27,store_south,1412.7,0,0,56.5
2023-04-28,store_south,1351.14,0,0,51.2
2023-04-29,store_south,1543.66,0,0,48.1
2023-04-30,store_south,1647.36,0,0,61.8
2023-05-01,store_south,1240.01,0,0,51.9
2023-05-02,store_south,1369.85,0,0,52.4
2023-05-03,store_south,1225.94,0,0,54.9
2023-05-04,store_south,1254.51,0,0,55.8
2023-05-05,store_south,1174.31,0,0,54.4
2023-05-06,store_south,1536.49,0,0,56.3
2023-05-07,store_south,1590.86,0,0,56.6
2023-05-08,store_south,1392.31,0,0,57.9
2023-05-09,store_south,1775.41,1,0,48.2
2023-05-10,store_south,1347.94,0,0,65.6
2023-05-11,store_south,1250.79,0,0,57.8
2023-05-12,store_south,1322.57,0,0,61.2
2023-05-13,store_south,1491.59,0,0,53.7
2023-05-14,store_south,1495.78,0,0,57.8
2023-05-15,store_south,1272.94,0,0,57.3
2023-05-16,store_south,1344.15,0,0,66.3
2023-05-17,store_south,1244.84,0,0,58.5
2023-05-18,store_south,1278.74,0,0,64.2
2023-05-19,store_south,1408.27,0,0,59.0
2023-05-20,store_south,1724.9,0,0,60.2
2023-05-21,store_south,1419.38,0,0,61.4
2023-05-22,store_south,1217.29,0,0,67.9
2023-05-23,store_south,1743.74,1,0,55.5
2023-05-24,store_south,1261.08,0,0,58.2
2023-05-25,store_south,1330.27,0,0,56.0
2023-05-26,store_south,1325.68,0,0,59.8
2023-05-27,store_south,1531.46,0,0,61.3
2023-05-28,store_south,1543.13,0,0,58.4
2023-05-29,store_south,1236.66,0,0,62.3
2023-05-30,store_south,1248.35,0,0,57.5
2023-05-31,store_south,1288.76,0,0,61.8
2023-06-01,store_south,1077.37,0,0,71.0
2023-06-02,store_south,1098.33,0,0,68.2
2023-06-03,store_south,1313.35,0,0,67.6
2023-06-04,store_south,1440.37,0,0,63.2
2023-06-05,store_south,1180.37,0,0,61.3
2023-06-06,store_south,1218.69,0,0,63.2
2023-06-07,store_south,1044.6,0,0,67.9
2023-06-08,store_south,1091.62,0,0,71.9
2023-06-09,store_south,1265.66,0,0,72.3
2023-06-10,store_south,1204.59,0,0,71.5
2023-06-11,store_south,1496.88,0,0,66.3
2023-06-12,store_south,1055.34,0,0,69.6
2023-06-13,store_south,1263.83,0,0,68.5
2023-06-14,store_south,1129.04,0,0,69.2
2023-06-15,store_south,1327.0,0,0,78.4
2023-06-16,store_south,1959.23,1,0,63.5
2023-06-17,store_south,1238.8,0,0,69.8
2023-06-18,store_south,1509.6,0,0,75.9
2023-06-19,store_south,1039.27,0,0,65.4
2023-06-20,store_south,1234.68,0,0,68.9
2023-06-21,store_south,1187.46,0,0,69.6
2023-06-22,store_south,1221.37,0,0,71.0
2023-06-23,store_south,1113.85,0,0,65.7
2023-06-24,store_south,1512.32,0,0,74.7
2023-06-25,store_south,1337.01,0,0,75.2
2023-06-26,store_south,1328.84,0,0,74.7
2023-06-27,store_south,1172.31,0,0,69.4
2023-06-28,store_south,1111.75,0,0,73.4
2023-06-29,store_south,1334.32,0,0,69.6
2023-06-30,store_south,1212.94,0,0,72.0
2023-07-01,store_south,2141.94,1,0,82.1
2023-07-02,store_south,1429.24,0,0,74.0
2023-07-03,store_south,1541.83,1,0,69.0
2023-07-04,store_south,1124.82,0,1,74.6
2023-07-05,store_south,1115.92,0,0,68.6
2023-07-06,store_south,1231.75,0,0,69.3
2023-07-07,store_south,1148.11,0,0,70.1
2023-07-08,store_south,1340.5,0,0,72.6
2023-07-09,store_south,1339.16,0,0,78.2
2023-07-10,store_south,1653.26,1,0,76.8
2023-07-11,store_south,1247.04,0,0,76.7
2023-07-12,store_south,1115.78,0,0,70.3
2023-07-13,store_south,1094.03,0,0,72.6
2023-07-14,store_south,1094.96,0,0,75.9
2023-07-15,store_south,1283.44,0,0,72.3
2023-07-16,store_south,1223.23,0,0,73.8
2023-07-17,store_south,1084.48,0,0,76.7
2023-07-18,store_south,1251.24,0,0,73.6
2023-07-19,store_south,1125.11,0,0,75.9
2023-07-20,store_south,1221.83,0,0,81.4
2023-07-21,store_south,937.2,0,0,74.3
2023-07-22,store_south,1413.11,0,0,79.7
2023-07-23,store_south,1342.48,0,0,77.2
2023-07-24,store_south,1075.51,0,0,69.1
2023-07-25,store_south,1134.98,0,0,70.5
2023-07-26,store_south,1085.62,0,0,71.6
2023-07-27,store_south,955.15,0,0,71.5
2023-07-28,store_south,1212.11,0,0,74.5
2023-07-29,store_south,1377.08,0,0,77.2
2023-07-30,store_south,1345.6,0,0,79.7
2023-07-31,store_south,1068.03,0,0,75.9
2023-08-01,store_south,978.03,0,0,72.8
2023-08-02,store_south,1086.19,0,0,66.2
2023-08-03,store_south,1233.18,0,0,74.7
2023-08-04,store_south,1119.51,0,0,74.4
2023-08-05,store_south,1194.15,0,0,74.9
2023-08-06,store_south,1360.48,0,0,82.5
2023-08-07,store_south,1118.77,0,0,78.9
2023-08-08,store_south,1184.33,0,0,77.0
2023-08-09,store_south,1134.29,0,0,69.9
2023-08-10,store_south,854.1,0,0,71.5
2023-08-11,store_south,1143.25,0,0,73.0
2023-08-12,store_south,1203.45,0,0,70.2
2023-08-13,store_south,1194.73,0,0,75.1
2023-08-14,store_south,1090.99,0,0,74.4
2023-08-15,store_south,1114.32,0,0,68.4
2023-08-16,store_south,987.97,0,0,77.4
2023-08-17,store_south,1156.78,0,0,72.8
2023-08-18,store_south,1130.28,0,0,65.3
2023-08-19,store_south,1297.95,0,0,71.8
2023-08-20,store_south,1230.68,0,0,72.9
2023-08-21,store_south,1034.42,0,0,75.5
2023-08-22,store_south,1172.24,0,0,70.0
2023-08-23,store_south,988.16,0,0,74.4
2023-08-24,store_south,1182.78,0,0,71.6
2023-08-25,store_south,1058.49,0,0,65.4
2023-08-26,store_south,1254.08,0,0,64.8
2023-08-27,store_south,1764.49,1,0,74.7
2023-08-28,store_south,1099.84,0,0,74.7
2023-08-29,store_south,1145.19,0,0,70.9
2023-08-30,store_south,1008.06,0,0,75.4
2023-08-31,store_south,1146.63,0,0,73.3
2023-09-01,store_south,1143.53,0,0,71.6
2023-09-02,store_south,1255.64,0,0,64.9
2023-09-03,store_south,1428.59,0,0,75.2
2023-09-04,store_south,954.77,0,0,70.1
2023-09-05,store_south,1141.63,0,0,66.1
2023-09-06,store_south,1237.5,0,0,64.7
2023-09-07,store_south,1238.18,0,0,68.0
2023-09-08,store_south,1119.51,0,0,60.0
2023-09-09,store_south,1307.5,0,0,69.2
2023-09-10,store_south,1245.46,0,0,62.2
2023-09-11,store_south,1096.27,0,0,67.2
2023-09-12,store_south,1147.28,0,0,63.3
2023-09-13,store_south,1042.49,0,0,64.0
2023-09-14,store_south,1157.86,0,0,61.7
2023-09-15,store_south,1277.08,0,0,63.7
2023-09-16,store_south,1341.37,0,0,71.5
2023-09-17,store_south,1226.9,0,0,69.2
2023-09-18,store_south,1004.04,0,0,64.7
2023-09-19,store_south,1165.8,0,0,62.8
2023-09-20,store_south,1112.76,0,0,65.9
2023-09-21,store_south,1191.34,0,0,66.7
2023-09-22,store_south,1042.9,0,0,58.5
2023-09-23,store_south,1361.35,0,0,61.1
2023-09-24,store_south,1244.6,0,0,53.7
2023-09-25,store_south,1056.97,0,0,65.1
2023-09-26,store_south,1098.56,0,0,68.5
2023-09-27,store_south,998.71,0,0,60.2
2023-09-28,store_south,1213.58,0,0,50.9
2023-09-29,store_south,1093.12,0,0,61.5
2023-09-30,store_south,1317.54,0,0,55.0
2023-10-01,store_south,1338.62,0,0,55.6
2023-10-02,store_south,1109.64,0,0,60.3
2023-10-03,store_south,1166.35,0,0,58.4
2023-10-04,store_south,1257.33,0,0,55.1
2023-10-05,store_south,1122.83,0,0,54.0
2023-10-06,store_south,1107.97,0,0,56.7
2023-10-07,store_south,1387.97,0,0,54.1
2023-10-08,store_south,1397.68,0,0,50.9
2023-10-09,store_south,1295.21,0,0,53.6
2023-10-10,store_south,1203.22,0,0,55.9
2023-10-11,store_south,1214.82,0,0,53.4
2023-10-12,store_south,1195.49,0,0,48.0
2023-10-13,store_south,1089.93,0,0,57.2
2023-10-14,store_south,1231.68,0,0,41.8
2023-10-15,store_south,1271.74,0,0,50.6
2023-10-16,store_south,1039.58,0,0,49.5
2023-10-17,store_south,1222.75,0,0,52.1
2023-10-18,store_south,1188.49,0,0,53.3
2023-10-19,store_south,1180.72,0,0,55.2
2023-10-20,store_south,929.94,0,0,47.4
2023-10-21,store_south,1533.83,0,0,52.1
2023-10-22,store_south,1286.94,0,0,50.1
2023-10-23,store_south,1277.05,0,0,42.1
2023-10-24,store_south,1064.5,0,0,56.1
2023-10-25,store_south,1049.62,0,0,42.3
2023-10-26,store_south,972.29,0,0,49.3
2023-10-27,store_south,1175.17,0,0,48.8
2023-10-28,store_south,1866.29,1,0,47.9
2023-10-29,store_south,1242.5,0,0,44.4
2023-10-30,store_south,1039.56,0,0,49.2
2023-10-31,store_south,1163.92,0,0,39.3
2023-11-01,store_south,1311.06,0,0,44.8
2023-11-02,store_south,1386.54,0,0,42.4
2023-11-03,store_south,1182.38,0,0,41.5
2023-11-04,store_south,1503.1,0,0,45.5
2023-11-05,store_south,1396.59,0,0,47.7
2023-11-06,store_south,1211.89,0,0,41.6
2023-11-07,store_south,1219.35,0,0,45.7
2023-11-08,store_south,1280.51,0,0,42.4
2023-11-09,store_south,1302.68,0,0,38.2
2023-11-10,store_south,1312.35,0,0,40.3
2023-11-11,store_south,1384.38,0,0,39.8
2023-11-12,store_south,1519.5,0,0,37.8
2023-11-13,store_south,1238.8,0,0,41.9
2023-11-14,store_south,1210.42,0,0,40.7
2023-11-15,store_south,1138.79,0,0,33.0
2023-11-16,store_south,1147.61,0,0,32.4
2023-11-17,store_south,1374.58,0,0,40.3
2023-11-18,store_south,1448.69,0,0,35.0
2023-11-19,store_south,1464.35,0,0,39.1
2023-11-20,store_south,1216.75,0,0,40.6
2023-11-21,store_south,1387.68,0,0,32.0
2023-11-22,store_south,1291.72,0,0,31.1
2023-11-23,store_south,1194.31,0,0,43.1
2023-11-24,store_south,1200.07,0,0,37.4
2023-11-25,store_south,1403.35,0,0,34.0
2023-11-26,store_south,1417.25,0,0,31.6
2023-11-27,store_south,1142.63,0,0,32.9
2023-11-28,store_south,1217.68,0,1,29.9
2023-11-29,store_south,1341.87,0,0,37.8
2023-11-30,store_south,1083.4,0,0,30.8
2023-12-01,store_south,1259.79,0,0,38.0
2023-12-02,store_south,1510.79,0,0,31.7
2023-12-03,store_south,1494.71,0,0,28.8
2023-12-04,store_south,1469.31,0,0,31.0
2023-12-05,store_south,1335.97,0,0,21.9
2023-12-06,store_south,1389.29,0,0,31.6
2023-12-07,store_south,1290.0,0,0,31.1
2023-12-08,store_south,1310.47,0,0,34.8
2023-12-09,store_south,1379.72,0,0,23.6
2023-12-10,store_south,1642.21,0,0,35.6
2023-12-11,store_south,1368.61,0,0,33.9
2023-12-12,store_south,1441.2,0,0,35.4
2023-12-13,store_south,1289.23,0,0,29.9
2023-12-14,store_south,1318.92,0,0,33.9
2023-12-15,store_south,1283.64,0,0,23.7
2023-12-16,store_south,1629.95,0,0,32.2
2023-12-17,store_south,1398.05,0,0,26.0
2023-12-18,store_south,1321.36,0,0,22.3
2023-12-19,store_south,1272.36,0,0,24.1
2023-12-20,store_south,1215.22,0,0,28.4
2023-12-21,store_south,1112.44,0,0,24.9
2023-12-22,store_south,1295.98,0,0,29.5
2023-12-23,store_south,1595.54,0,0,20.6
2023-12-24,store_south,1603.75,0,0,19.1
2023-12-25,store_south,1356.61,0,1,32.9
2023-12-26,store_south,1473.24,0,0,30.9
2023-12-27,store_south,1265.57,0,0,22.9
2023-12-28,store_south,1369.56,0,0,26.9
2023-12-29,store_south,1280.96,0,0,30.8
2023-12-30,store_south,1495.38,0,0,28.3
2023-12-31,store_south,1474.08,0,1,27.0
2024-01-01,store_south,1240.08,0,1,30.7
2024-01-02,store_south,1460.9,0,0,23.2
2024-01-03,store_south,1325.56,0,0,26.2
2024-01-04,store_south,1311.13,0,0,25.8
2024-01-05,store_south,1273.99,0,0,24.7
2024-01-06,store_south,1594.46,0,0,24.1
2024-01-07,store_south,1765.5,0,0,25.9
2024-01-08,store_south,1542.93,0,0,25.6
2024-01-09,store_south,1214.75,0,0,21.2
2024-01-10,store_south,1366.36,0,0,28.6
2024-01-11,store_south,1266.49,0,0,21.4
2024-01-12,store_south,1447.63,0,0,24.3
2024-01-13,store_south,1635.52,0,0,24.0
2024-01-14,store_south,1581.44,0,0,26.6
2024-01-15,store_south,1920.03,1,0,16.6
2024-01-16,store_south,1359.05,0,0,28.6
2024-01-17,store_south,1486.5,0,0,22.3
2024-01-18,store_south,1449.88,0,0,29.9
2024-01-19,store_south,1416.57,0,0,23.1
2024-01-20,store_south,1408.33,0,0,24.8
2024-01-21,store_south,1676.09,0,0,32.7
2024-01-22,store_south,1535.94,0,0,23.9
2024-01-23,store_south,1514.69,0,0,30.0
2024-01-24,store_south,1230.64,0,0,25.2
2024-01-25,store_south,1363.56,0,0,26.8
2024-01-26,store_south,1284.28,0,0,25.4
2024-01-27,store_south,1790.1,0,0,28.6
2024-01-28,store_south,1627.21,0,0,22.5
2024-01-29,store_south,1294.11,0,0,21.4
2024-01-30,store_south,1367.94,0,0,22.8
2024-01-31,store_south,1176.43,0,0,25.9
2024-02-01,store_south,1322.37,0,0,24.7
2024-02-02,store_south,1437.51,0,0,28.5
2024-02-03,store_south,1780.12,0,0,31.0
2024-02-04,store_south,1487.73,0,0,22.0
2024-02-05,store_south,1369.38,0,0,23.0
2024-02-06,store_south,1463.35,0,0,20.3
2024-02-07,store_south,1358.83,0,0,34.3
2024-02-08,store_south,1449.16,0,0,27.6
2024-02-09,store_south,1442.02,0,0,28.4
2024-02-10,store_south,1777.59,0,0,21.3
2024-02-11,store_south,1665.27,0,0,26.8
2024-02-12,store_south,1428.01,0,0,29.0
2024-02-13,store_south,1491.56,0,0,26.1
2024-02-14,store_south,1353.59,0,0,31.6
2024-02-15,store_south,1476.19,0,0,36.8
2024-02-16,store_south,1373.14,0,0,23.9
2024-02-17,store_south,1651.85,0,0,23.8
2024-02-18,store_south,1737.34,0,0,24.6
2024-02-19,store_south,1526.41,0,0,34.7
2024-02-20,store_south,1409.12,0,0,32.7
2024-02-21,store_south,1450.72,0,0,28.2
2024-02-22,store_south,1565.45,0,0,29.1
2024-02-23,store_south,1359.1,0,0,26.0
2024-02-24,store_south,1749.34,0,0,33.0
2024-02-25,store_south,1685.07,0,0,28.2
2024-02-26,store_south,1441.29,0,0,28.9
2024-02-27,store_south,1340.94,0,0,32.7
2024-02-28,store_south,1565.32,0,0,29.7
2024-02-29,store_south,1391.44,0,0,29.8
2024-03-01,store_south,1511.53,0,0,31.1
2024-03-02,store_south,1663.58,0,0,34.5
2024-03-03,store_south,1691.88,0,0,38.2
2024-03-04,store_south,1548.07,0,0,34.3
2024-03-05,store_south,1538.48,0,0,35.4
2024-03-06,store_south,1452.04,0,0,31.7
2024-03-07,store_south,1485.45,0,0,30.0
2024-03-08,store_south,1439.16,0,0,35.8
2024-03-09,store_south,1712.91,0,0,34.1
2024-03-10,store_south,1614.82,0,0,28.1
2024-03-11,store_south,1516.55,0,0,32.8
2024-03-12,store_south,1397.65,0,0,34.1
2024-03-13,store_south,1563.41,0,0,32.7
2024-03-14,store_south,1473.62,0,0,41.1
2024-03-15,store_south,1477.17,0,0,37.4
2024-03-16,store_south,2629.56,1,0,41.3
2024-03-17,store_south,1742.71,0,0,37.2
2024-03-18,store_south,1449.42,0,0,36.9
2024-03-19,store_south,1447.14,0,0,33.2
2024-03-20,store_south,1548.46,0,0,37.3
2024-03-21,store_south,1426.75,0,0,37.7
2024-03-22,store_south,1436.62,0,0,32.6
2024-03-23,store_south,2517.83,1,0,36.3
2024-03-24,store_south,1815.05,0,0,37.5
2024-03-25,store_south,1493.64,0,0,40.8
2024-03-26,store_south,1650.45,0,0,41.4
2024-03-27,store_south,2135.76,1,0,37.6
2024-03-28,store_south,1492.86,0,0,42.2
2024-03-29,store_south,1484.22,0,0,40.0
2024-03-30,store_south,1583.1,0,0,29.7
2024-03-31,store_south,1682.36,0,0,39.6
2024-04-01,store_south,1401.27,0,0,46.3
2024-04-02,store_south,1469.96,0,0,35.6
2024-04-03,store_south,1423.19,0,0,43.2
2024-04-04,store_south,1425.97,0,0,49.5
2024-04-05,store_south,2143.0,1,0,40.6
2024-04-06,store_south,1813.66,0,0,44.0
2024-04-07,store_south,1755.72,0,0,39.2
2024-04-08,store_south,1409.23,0,0,51.4
2024-04-09,store_south,1398.93,0,0,45.0
2024-04-10,store_south,1589.78,0,0,45.9
2024-04-11,store_south,1498.98,0,0,51.6
2024-04-12,store_south,1444.28,0,0,49.2
2024-04-13,store_south,1746.05,0,0,43.5
2024-04-14,store_south,1779.29,0,0,44.8
2024-04-15,store_south,1424.87,0,0,49.8
2024-04-16,store_south,2114.45,1,0,45.8
2024-04-17,store_south,1486.62,0,0,40.2
2024-04-18,store_south,1373.33,0,0,48.9
2024-04-19,store_south,1435.11,0,0,43.6
2024-04-20,store_south,1696.39,0,0,56.5
2024-04-21,store_south,1668.7,0,0,51.1
2024-04-22,store_south,1412.22,0,0,47.2
2024-04-23,store_south,1503.52,0,0,48.5
2024-04-24,store_south,1413.33,0,0,44.2
2024-04-25,store_south,1409.64,0,0,47.8
2024-04-26,store_south,1520.68,0,0,56.6
2024-04-27,store_south,1736.62,0,0,61.9
2024-04-28,store_south,1822.52,0,0,56.3
2024-04-29,store_south,1588.81,0,0,53.5
2024-04-30,store_south,1486.58,0,0,52.6
2024-05-01,store_south,1331.95,0,0,50.9
2024-05-02,store_south,1448.28,0,0,63.4
2024-05-03,store_south,1208.48,0,0,54.8
2024-05-04,store_south,1724.53,0,0,64.4
2024-05-05,store_south,1913.82,0,0,62.0
2024-05-06,store_south,1334.19,0,0,49.8
2024-05-07,store_south,1361.23,0,0,54.5
2024-05-08,store_south,1432.83,0,0,54.9
2024-05-09,store_south,1520.82,0,0,57.7
2024-05-10,store_south,1470.26,0,0,58.2
2024-05-11,store_south,1554.45,0,0,70.8
2024-05-12,store_south,1667.16,0,0,54.9
2024-05-13,store_south,1612.31,0,0,60.6
2024-05-14,store_south,1467.63,0,0,62.5
2024-05-15,store_south,1314.14,0,0,60.4
2024-05-16,store_south,1434.11,0,0,61.3
2024-05-17,store_south,1285.67,0,0,57.0
2024-05-18,store_south,1770.11,0,0,62.0
2024-05-19,store_south,1608.69,0,0,64.0
2024-05-20,store_south,1432.38,0,0,63.7
2024-05-21,store_south,1365.73,0,0,65.0
2024-05-22,store_south,1412.03,0,0,68.7
2024-05-23,store_south,1566.35,0,0,67.2
2024-05-24,store_south,1438.63,0,0,64.1
2024-05-25,store_south,1612.84,0,0,59.5
2024-05-26,store_south,1583.91,0,0,62.1
2024-05-27,store_south,1281.09,0,0,64.0
2024-05-28,store_south,1343.66,0,0,66.2
2024-05-29,store_south,1438.52,0,0,63.6
2024-05-30,store_south,1499.91,0,0,62.1
2024-05-31,store_south,1373.18,0,0,61.5
2024-06-01,store_south,1622.8,0,0,59.9
2024-06-02,store_south,1475.99,0,0,65.9
2024-06-03,store_south,1257.28,0,0,61.3
2024-06-04,store_south,1201.38,0,0,63.5
2024-06-05,store_south,1381.21,0,0,66.2
2024-06-06,store_south,1452.45,0,0,62.7
2024-06-07,store_south,1180.41,0,0,69.9
2024-06-08,store_south,1542.28,0,0,71.6
2024-06-09,store_south,1642.28,0,0,66.8
2024-06-10,store_south,1783.8,1,0,67.5
2024-06-11,store_south,1376.92,0,0,71.7
2024-06-12,store_south,1405.51,0,0,66.9
2024-06-13,store_south,1314.3,0,0,66.9
2024-06-14,store_south,1394.01,0,0,75.1
2024-06-15,store_south,1728.23,0,0,74.1
2024-06-16,store_south,1738.29,0,0,73.2
2024-06-17,store_south,1344.22,0,0,74.7
2024-06-18,store_south,1248.9,0,0,63.3
2024-06-19,store_south,1287.29,0,0,76.9
2024-06-20,store_south,2025.09,1,0,73.3
2024-06-21,store_south,1247.01,0,0,75.9
2024-06-22,store_south,1567.37,0,0,73.7
2024-06-23,store_south,1589.23,0,0,72.5
2024-06-24,store_south,1294.29,0,0,71.4
2024-06-25,store_south,1371.31,0,0,74.1
2024-06-26,store_south,1541.46,0,0,71.6
2024-06-27,store_south,1351.88,0,0,76.5
2024-06-28,store_south,1277.78,0,0,66.8
2024-06-29,store_south,1656.65,0,0,71.2
2024-06-30,store_south,1658.31,0,0,81.7
2024-07-01,store_south,1342.06,0,0,71.1
2024-07-02,store_south,1248.31,0,0,72.8
2024-07-03,store_south,1204.07,0,0,70.4
2024-07-04,store_south,1105.04,0,1,75.4
2024-07-05,store_south,1098.84,0,0,71.2
2024-07-06,store_south,1974.09,1,0,73.5
2024-07-07,store_south,1516.97,0,0,77.7
2024-07-08,store_south,1122.48,0,0,71.7
2024-07-09,store_south,1360.63,0,0,77.7
2024-07-10,store_south,1263.92,0,0,77.9
2024-07-11,store_south,1247.0,0,0,78.9
2024-07-12,store_south,1182.41,0,0,75.3
2024-07-13,store_south,1594.34,0,0,87.8
2024-07-14,store_south,1432.2,0,0,79.1
2024-07-15,store_south,1740.96,1,0,76.2
2024-07-16,store_south,1327.92,0,0,71.4
2024-07-17,store_south,1276.35,0,0,74.6
2024-07-18,store_south,1258.34,0,0,80.7
2024-07-19,store_south,1334.17,0,0,81.8
2024-07-20,store_south,1509.74,0,0,80.9
2024-07-21,store_south,1524.58,0,0,78.1
2024-07-22,store_south,1162.42,0,0,70.0
2024-07-23,store_south,1426.55,0,0,76.9
2024-07-24,store_south,1182.08,0,0,70.0
2024-07-25,store_south,1348.43,0,0,69.0
2024-07-26,store_south,1241.61,0,0,75.8
2024-07-27,store_south,1553.94,0,0,76.9
2024-07-28,store_south,1556.66,0,0,78.4
2024-07-29,store_south,1353.51,0,0,76.7
2024-07-30,store_south,1195.15,0,0,76.8
2024-07-31,store_south,1319.7,0,0,70.6
2024-08-01,store_south,1357.42,0,0,74.1
2024-08-02,store_south,1163.19,0,0,68.4
2024-08-03,store_south,1388.85,0,0,66.3
2024-08-04,store_south,1403.34,0,0,77.2
2024-08-05,store_south,1169.44,0,0,71.1
2024-08-06,store_south,1363.64,0,0,77.5
2024-08-07,store_south,1150.44,0,0,78.3
2024-08-08,store_south,1662.83,1,0,71.2
2024-08-09,store_south,1349.49,0,0,75.9
2024-08-10,store_south,1462.73,0,0,70.8
2024-08-11,store_south,1556.23,0,0,65.9
2024-08-12,store_south,1174.78,0,0,73.6
2024-08-13,store_south,1209.52,0,0,71.1
2024-08-14,store_south,1146.62,0,0,71.0
2024-08-15,store_south,1254.81,0,0,80.5
2024-08-16,store_south,1036.47,0,0,66.3
2024-08-17,store_south,1486.02,0,0,73.7
2024-08-18,store_south,1426.45,0,0,68.0
2024-08-19,store_south,1216.68,0,0,75.4
2024-08-20,store_south,1178.14,0,0,72.8
2024-08-21,store_south,1138.56,0,0,72.9
2024-08-22,store_south,1243.22,0,0,67.4
2024-08-23,store_south,1093.84,0,0,67.8
2024-08-24,store_south,1478.08,0,0,74.4
2024-08-25,store_south,1620.45,0,0,77.5
2024-08-26,store_south,1326.81,0,0,72.1
2024-08-27,store_south,1061.26,0,0,66.3
2024-08-28,store_south,1160.61,0,0,71.0
2024-08-29,store_south,1274.85,0,0,79.1
2024-08-30,store_south,1191.64,0,0,69.5
2024-08-31,store_south,1329.25,0,0,74.7
2024-09-01,store_south,2116.85,1,0,65.6
2024-09-02,store_south,1230.62,0,0,68.1
2024-09-03,store_south,1396.08,0,0,70.4
2024-09-04,store_south,1217.29,0,0,69.2
2024-09-05,store_south,1307.59,0,0,64.3
2024-09-06,store_south,1110.76,0,0,63.8
2024-09-07,store_south,1387.17,0,0,70.7
2024-09-08,store_south,1530.27,0,0,71.1
2024-09-09,store_south,1339.47,0,0,72.1
2024-09-10,store_south,1180.48,0,0,72.9
2024-09-11,store_south,1776.49,1,0,65.9
2024-09-12,store_south,1103.44,0,0,63.8
2024-09-13,store_south,1229.92,0,0,70.1
2024-09-14,store_south,1519.34,0,0,67.2
2024-09-15,store_south,1377.63,0,0,60.1
2024-09-16,store_south,1174.64,0,0,59.5
2024-09-17,store_south,1131.96,0,0,65.2
2024-09-18,store_south,1156.19,0,0,62.2
2024-09-19,store_south,1350.12,0,0,62.4
2024-09-20,store_south,1234.87,0,0,66.4
2024-09-21,store_south,1361.2,0,0,64.8
2024-09-22,store_south,1427.31,0,0,66.7
2024-09-23,store_south,1039.02,0,0,53.3
2024-09-24,store_south,1126.03,0,0,61.6
2024-09-25,store_south,1322.88,0,0,63.0
2024-09-26,store_south,1158.41,0,0,53.7
2024-09-27,store_south,1336.18,0,0,56.8
2024-09-28,store_south,1384.45,0,0,55.7
2024-09-29,store_south,1406.8,0,0,58.7
2024-09-30,store_south,1275.12,0,0,64.7
2024-10-01,store_south,1124.85,0,0,65.9
2024-10-02,store_south,1293.86,0,0,54.2
2024-10-03,store_south,1886.43,1,0,59.1
2024-10-04,store_south,2007.53,1,0,58.8
2024-10-05,store_south,1607.71,0,0,57.7
2024-10-06,store_south,1437.91,0,0,57.4
2024-10-07,store_south,1390.92,0,0,56.6
2024-10-08,store_south,1297.67,0,0,61.7
2024-10-09,store_south,1232.14,0,0,58.9
2024-10-10,store_south,1273.0,0,0,49.8
2024-10-11,store_south,1278.01,0,0,56.8
2024-10-12,store_south,1650.4,0,0,56.8
2024-10-13,store_south,1538.0,0,0,54.1
2024-10-14,store_south,1311.95,0,0,56.9
2024-10-15,store_south,1345.8,0,0,52.7
2024-10-16,store_south,1359.49,0,0,52.3
2024-10-17,store_south,1331.14,0,0,51.6
2024-10-18,store_south,1335.11,0,0,42.6
2024-10-19,store_south,1535.85,0,0,49.9
2024-10-20,store_south,1483.68,0,0,47.1
2024-10-21,store_south,1332.27,0,0,44.6
2024-10-22,store_south,1279.01,0,0,54.7
2024-10-23,store_south,1267.43,0,0,50.5
2024-10-24,store_south,1389.31,0,0,47.9
2024-10-25,store_south,1368.12,0,0,45.4
2024-10-26,store_south,1479.7,0,0,48.4
2024-10-27,store_south,1459.04,0,0,50.7
2024-10-28,store_south,1344.05,0,0,43.0
2024-10-29,store_south,1306.4,0,0,45.9
2024-10-30,store_south,1284.07,0,0,49.0
2024-10-31,store_south,1172.05,0,0,37.3
2024-11-01,store_south,1399.28,0,0,44.4
2024-11-02,store_south,1605.31,0,0,42.5
2024-11-03,store_south,1559.57,0,0,43.3
2024-11-04,store_south,1366.3,0,0,41.4
2024-11-05,store_south,1390.1,0,0,43.5
2024-11-06,store_south,1378.63,0,0,50.3
2024-11-07,store_south,1426.18,0,0,40.9
2024-11-08,store_south,1469.36,0,0,42.9
2024-11-09,store_south,1734.51,0,0,49.3
2024-11-10,store_south,1561.94,0,0,38.8
2024-11-11,store_south,1456.37,0,0,47.8
2024-11-12,store_south,1357.65,0,0,40.2
2024-11-13,store_south,1292.3,0,0,46.9
2024-11-14,store_south,1418.77,0,0,42.4
2024-11-15,store_south,1972.94,1,0,40.2
2024-11-16,store_south,1790.91,0,0,38.3
2024-11-17,store_south,1682.25,0,0,35.7
2024-11-18,store_south,1398.28,0,0,38.1
2024-11-19,store_south,1378.77,0,0,41.1
2024-11-20,store_south,1348.66,0,0,37.0
2024-11-21,store_south,1246.28,0,0,35.5
2024-11-22,store_south,1187.19,0,0,35.4
2024-11-23,store_south,1527.67,0,0,40.0
2024-11-24,store_south,1598.04,0,0,40.6
2024-11-25,store_south,1142.75,0,0,32.6
2024-11-26,store_south,1265.89,0,0,32.3
2024-11-27,store_south,1312.62,0,0,36.1
2024-11-28,store_south,1340.6,0,1,40.4
2024-11-29,store_south,1294.26,0,0,38.5
2024-11-30,store_south,1493.74,0,0,28.6
2024-12-01,store_south,1839.25,0,0,32.2
2024-12-02,store_south,1475.77,0,0,29.3
2024-12-03,store_south,1393.5,0,0,31.6
2024-12-04,store_south,1479.81,0,0,38.8
2024-12-05,store_south,1402.78,0,0,26.4
2024-12-06,store_south,1336.91,0,0,25.3
2024-12-07,store_south,1610.91,0,0,28.2
2024-12-08,store_south,2552.91,1,0,32.3
2024-12-09,store_south,1418.42,0,0,33.4
2024-12-10,store_south,1358.22,0,0,32.4
2024-12-11,store_south,1460.14,0,0,35.1
2024-12-12,store_south,1395.2,0,0,23.0
2024-12-13,store_south,1303.41,0,0,34.6
2024-12-14,store_south,1673.38,0,0,28.3
2024-12-15,store_south,1776.65,0,0,32.3
2024-12-16,store_south,1428.16,0,0,23.8
2024-12-17,store_south,1603.86,0,0,28.9
2024-12-18,store_south,1530.45,0,0,29.6
2024-12-19,store_south,1569.15,0,0,33.0
2024-12-20,store_south,1604.74,0,0,21.9
2024-12-21,store_south,1738.42,0,0,28.1
2024-12-22,store_south,1655.32,0,0,23.5
2024-12-23,store_south,2154.76,1,0,29.6
2024-12-24,store_south,2041.12,1,0,30.5
2024-12-25,store_south,1459.6,0,1,32.4
2024-12-26,store_south,1350.81,0,0,24.9
2024-12-27,store_south,1471.88,0,0,30.6
2024-12-28,store_south,1659.63,0,0,32.2
2024-12-29,store_south,1563.44,0,0,20.0
2024-12-30,store_south,1462.9,0,0,28.9
2024-12-31,store_south,1427.28,0,1,30.1
