timestamp,kwh,temperature_f
2025-01-01 00:00,90.43,42.8
2025-01-01 01:00,88.25,39.5
2025-01-01 02:00,100.53,44.1
2025-01-01 03:00,101.03,44.7
2025-01-01 04:00,113.77,37.5
2025-01-01 05:00,126.86,39.3
2025-01-01 06:00,145.26,42.9
2025-01-01 07:00,131.88,41.9
2025-01-01 08:00,149.69,42.8
2025-01-01 09:00,164.59,40.8
2025-01-01 10:00,168.25,45.2
2025-01-01 11:00,174.81,45.1
2025-01-01 12:00,186.49,43.4
2025-01-01 13:00,179.1,46.2
2025-01-01 14:00,188.74,44.6
2025-01-01 15:00,186.18,41.4
2025-01-01 16:00,177.03,44.6
2025-01-01 17:00,170.69,41.4
2025-01-01 18:00,154.3,46.1
2025-01-01 19:00,138.06,43.9
2025-01-01 20:00,140.52,43.6
2025-01-01 21:00,118.24,42.5
2025-01-01 22:00,91.88,47.3
2025-01-01 23:00,91.66,44.0
2025-01-02 00:00,82.7,43.4
2025-01-02 01:00,91.38,43.7
2025-01-02 02:00,90.75,46.0
2025-01-02 03:00,93.72,45.7
2025-01-02 04:00,116.14,45.9
2025-01-02 05:00,117.28,46.1
2025-01-02 06:00,126.18,50.5
2025-01-02 07:00,134.39,44.2
2025-01-02 08:00,146.83,44.0
2025-01-02 09:00,165.62,43.4
2025-01-02 10:00,172.24,47.0
2025-01-02 11:00,165.96,48.4
2025-01-02 12:00,184.63,45.4
2025-01-02 13:00,189.68,43.7
2025-01-02 14:00,186.45,43.8
2025-01-02 15:00,173.22,47.6
2025-01-02 16:00,166.87,48.0
2025-01-02 17:00,159.61,47.6
2025-01-02 18:00,152.73,44.6
2025-01-02 19:00,140.93,47.0
2025-01-02 20:00,131.52,46.8
2025-01-02 21:00,111.38,47.1
2025-01-02 22:00,99.22,48.9
2025-01-02 23:00,98.07,47.3
2025-01-03 00:00,93.53,48.6
2025-01-03 01:00,86.54,47.1
2025-01-03 02:00,95.11,47.8
2025-01-03 03:00,100.38,48.7
2025-01-03 04:00,113.5,43.6
2025-01-03 05:00,124.28,46.6
2025-01-03 06:00,120.28,46.3
2025-01-03 07:00,138.38,45.9
2025-01-03 08:00,149.84,46.9
2025-01-03 09:00,155.68,51.5
2025-01-03 10:00,168.97,45.7
2025-01-03 11:00,165.81,50.3
2025-01-03 12:00,188.37,43.8
2025-01-03 13:00,180.39,47.3
2025-01-03 14:00,182.17,48.6
2025-01-03 15:00,170.7,49.7
2025-01-03 16:00,160.9,50.1
2025-01-03 17:00,158.84,50.4
2025-01-03 18:00,149.93,47.7
2025-01-03 19:00,140.31,47.5
2025-01-03 20:00,134.59,50.9
2025-01-03 21:00,113.88,48.3
2025-01-03 22:00,107.16,45.7
2025-01-03 23:00,89.78,46.1
2025-01-04 00:00,65.1,46.8
2025-01-04 01:00,79.19,50.4
2025-01-04 02:00,65.84,49.6
2025-01-04 03:00,68.11,51.0
2025-01-04 04:00,81.65,48.3
2025-01-04 05:00,88.25,49.9
2025-01-04 06:00,91.59,51.1
2025-01-04 07:00,106.57,48.9
2025-01-04 08:00,123.92,50.9
2025-01-04 09:00,123.18,48.1
2025-01-04 10:00,126.76,49.0
2025-01-04 11:00,146.77,49.0
2025-01-04 12:00,149.87,47.0
2025-01-04 13:00,140.06,51.3
2025-01-04 14:00,135.39,49.0
2025-01-04 15:00,135.35,50.3
2025-01-04 16:00,132.33,51.5
2025-01-04 17:00,131.95,51.5
2025-01-04 18:00,109.24,52.1
2025-01-04 19:00,106.77,50.3
2025-01-04 20:00,102.13,49.6
2025-01-04 21:00,74.1,50.5
2025-01-04 22:00,89.1,46.6
2025-01-04 23:00,69.32,47.2
2025-01-05 00:00,74.38,47.6
2025-01-05 01:00,72.12,48.5
2025-01-05 02:00,76.63,52.1
2025-01-05 03:00,78.84,48.9
2025-01-05 04:00,66.5,50.2
2025-01-05 05:00,81.14,54.5
2025-01-05 06:00,98.31,50.4
2025-01-05 07:00,103.87,53.2
2025-01-05 08:00,120.86,49.1
2025-01-05 09:00,130.16,51.0
2025-01-05 10:00,138.54,49.2
2025-01-05 11:00,138.03,50.8
2025-01-05 12:00,128.88,53.8
2025-01-05 13:00,145.06,47.5
2025-01-05 14:00,143.37,52.9
2025-01-05 15:00,131.08,52.5
2025-01-05 16:00,137.47,50.5
2025-01-05 17:00,133.24,48.4
2025-01-05 18:00,116.14,52.2
2025-01-05 19:00,88.53,50.8
2025-01-05 20:00,88.19,52.8
2025-01-05 21:00,98.57,52.3
2025-01-05 22:00,74.0,56.3
2025-01-05 23:00,62.09,51.7
2025-01-06 00:00,96.48,49.8
2025-01-06 01:00,85.64,52.9
2025-01-06 02:00,93.66,53.0
2025-01-06 03:00,91.35,55.9
2025-01-06 04:00,100.51,54.7
2025-01-06 05:00,110.26,53.5
2025-01-06 06:00,120.87,56.4
2025-01-06 07:00,148.29,49.8
2025-01-06 08:00,151.16,51.2
2025-01-06 09:00,147.86,50.5
2025-01-06 10:00,168.07,51.9
2025-01-06 11:00,182.64,49.5
2025-01-06 12:00,181.21,54.6
2025-01-06 13:00,175.71,52.4
2025-01-06 14:00,187.64,49.4
2025-01-06 15:00,180.02,50.5
2025-01-06 16:00,178.41,53.9
2025-01-06 17:00,147.49,55.3
2025-01-06 18:00,134.95,58.2
2025-01-06 19:00,122.46,60.5
2025-01-06 20:00,115.52,54.3
2025-01-06 21:00,104.88,50.8
2025-01-06 22:00,85.99,48.0
2025-01-06 23:00,88.35,54.0
2025-01-07 00:00,90.3,51.4
2025-01-07 01:00,82.9,52.4
2025-01-07 02:00,99.34,51.9
2025-01-07 03:00,91.63,53.2
2025-01-07 04:00,104.4,56.2
2025-01-07 05:00,109.32,54.0
2025-01-07 06:00,124.39,53.2
2025-01-07 07:00,135.09,51.0
2025-01-07 08:00,155.36,49.5
2025-01-07 09:00,155.49,52.5
2025-01-07 10:00,166.38,53.6
2025-01-07 11:00,167.16,58.1
2025-01-07 12:00,172.89,54.1
2025-01-07 13:00,175.81,56.2
2025-01-07 14:00,189.99,52.5
2025-01-07 15:00,172.47,50.8
2025-01-07 16:00,168.5,51.4
2025-01-07 17:00,163.19,52.0
2025-01-07 18:00,143.81,59.2
2025-01-07 19:00,132.73,51.8
2025-01-07 20:00,102.7,56.0
2025-01-07 21:00,112.68,51.6
2025-01-07 22:00,83.31,56.2
2025-01-07 23:00,99.21,54.9
2025-01-08 00:00,87.73,53.5
2025-01-08 01:00,90.96,53.8
2025-01-08 02:00,82.08,52.3
2025-01-08 03:00,80.95,55.1
2025-01-08 04:00,100.66,52.8
2025-01-08 05:00,109.95,50.9
2025-01-08 06:00,118.59,50.8
2025-01-08 07:00,130.66,54.4
2025-01-08 08:00,154.87,57.9
2025-01-08 09:00,157.97,54.4
2025-01-08 10:00,169.53,53.7
2025-01-08 11:00,174.3,54.7
2025-01-08 12:00,179.38,57.3
2025-01-08 13:00,174.41,54.5
2025-01-08 14:00,163.69,53.0
2025-01-08 15:00,165.55,56.8
2025-01-08 16:00,166.47,55.1
2025-01-08 17:00,143.27,57.8
2025-01-08 18:00,140.87,54.4
2025-01-08 19:00,129.37,50.9
2025-01-08 20:00,130.76,50.6
2025-01-08 21:00,108.97,58.1
2025-01-08 22:00,99.08,58.3
2025-01-08 23:00,95.05,53.5
2025-01-09 00:00,86.85,53.0
2025-01-09 01:00,83.82,57.6
2025-01-09 02:00,81.13,51.1
2025-01-09 03:00,79.43,51.7
2025-01-09 04:00,98.07,55.5
2025-01-09 05:00,110.54,52.9
2025-01-09 06:00,126.13,53.8
2025-01-09 07:00,140.54,53.4
2025-01-09 08:00,151.11,54.7
2025-01-09 09:00,143.68,57.3
2025-01-09 10:00,160.75,54.0
2025-01-09 11:00,171.3,55.4
2025-01-09 12:00,196.81,48.6
2025-01-09 13:00,185.66,53.6
2025-01-09 14:00,184.52,51.6
2025-01-09 15:00,172.03,50.6
2025-01-09 16:00,160.63,51.4
2025-01-09 17:00,159.51,52.8
2025-01-09 18:00,133.81,55.9
2025-01-09 19:00,132.73,50.2
2025-01-09 20:00,118.38,53.6
2025-01-09 21:00,118.62,52.3
2025-01-09 22:00,97.09,52.7
2025-01-09 23:00,75.05,56.0
2025-01-10 00:00,88.97,54.8
2025-01-10 01:00,78.97,56.7
2025-01-10 02:00,87.34,53.0
2025-01-10 03:00,92.09,51.6
2025-01-10 04:00,97.53,52.7
2025-01-10 05:00,112.58,53.8
2025-01-10 06:00,109.85,53.6
2025-01-10 07:00,130.86,50.5
2025-01-10 08:00,147.17,53.4
2025-01-10 09:00,150.11,53.7
2025-01-10 10:00,146.82,59.3
2025-01-10 11:00,169.52,57.7
2025-01-10 12:00,185.51,50.8
2025-01-10 13:00,178.32,52.2
2025-01-10 14:00,169.08,49.2
2025-01-10 15:00,177.68,51.4
2025-01-10 16:00,153.42,53.6
2025-01-10 17:00,153.28,55.8
2025-01-10 18:00,140.34,50.9
2025-01-10 19:00,126.47,51.0
2025-01-10 20:00,121.99,47.2
2025-01-10 21:00,108.09,52.1
2025-01-10 22:00,97.39,49.8
2025-01-10 23:00,96.44,51.1
2025-01-11 00:00,68.39,50.2
2025-01-11 01:00,74.72,52.1
2025-01-11 02:00,73.93,47.9
2025-01-11 03:00,71.51,48.6
2025-01-11 04:00,71.38,57.5
2025-01-11 05:00,79.51,48.9
2025-01-11 06:00,100.0,49.3
2025-01-11 07:00,100.32,56.6
2025-01-11 08:00,95.31,59.2
2025-01-11 09:00,124.06,49.0
2025-01-11 10:00,127.85,50.9
2025-01-11 11:00,146.94,52.6
2025-01-11 12:00,127.46,56.0
2025-01-11 13:00,137.35,49.2
2025-01-11 14:00,149.53,51.0
2025-01-11 15:00,144.78,53.5
2025-01-11 16:00,127.22,52.5
2025-01-11 17:00,122.14,50.5
2025-01-11 18:00,120.13,51.0
2025-01-11 19:00,95.23,47.8
2025-01-11 20:00,86.2,50.6
2025-01-11 21:00,86.73,50.5
2025-01-11 22:00,89.26,51.6
2025-01-11 23:00,72.53,49.6
2025-01-12 00:00,70.71,52.1
2025-01-12 01:00,75.0,53.4
2025-01-12 02:00,83.22,51.2
2025-01-12 03:00,70.62,51.6
2025-01-12 04:00,80.37,50.8
2025-01-12 05:00,99.28,50.6
2025-01-12 06:00,89.57,48.7
2025-01-12 07:00,112.76,51.2
2025-01-12 08:00,111.07,50.1
2025-01-12 09:00,121.99,55.5
2025-01-12 10:00,128.73,54.1
2025-01-12 11:00,133.29,51.1
2025-01-12 12:00,139.9,48.1
2025-01-12 13:00,149.74,47.2
2025-01-12 14:00,146.91,52.9
2025-01-12 15:00,138.88,50.5
2025-01-12 16:00,133.68,50.9
2025-01-12 17:00,134.03,45.3
2025-01-12 18:00,109.86,51.9
2025-01-12 19:00,111.49,50.6
2025-01-12 20:00,105.06,46.6
2025-01-12 21:00,105.51,48.1
2025-01-12 22:00,78.72,49.9
2025-01-12 23:00,72.57,49.3
2025-01-13 00:00,94.64,48.3
2025-01-13 01:00,93.08,48.7
2025-01-13 02:00,86.86,48.3
2025-01-13 03:00,91.79,49.2
2025-01-13 04:00,102.66,52.4
2025-01-13 05:00,112.09,42.2
2025-01-13 06:00,121.56,47.9
2025-01-13 07:00,136.0,48.9
2025-01-13 08:00,153.49,49.1
2025-01-13 09:00,157.29,47.3
2025-01-13 10:00,164.05,43.8
2025-01-13 11:00,165.0,48.9
2025-01-13 12:00,169.3,52.3
2025-01-13 13:00,181.24,44.1
2025-01-13 14:00,178.94,50.0
2025-01-13 15:00,171.88,46.9
2025-01-13 16:00,166.46,47.5
2025-01-13 17:00,159.02,44.9
2025-01-13 18:00,147.48,46.6
2025-01-13 19:00,141.75,50.6
2025-01-13 20:00,127.32,48.7
2025-01-13 21:00,109.79,51.5
2025-01-13 22:00,98.36,50.0
2025-01-13 23:00,92.35,48.1
2025-01-14 00:00,90.14,51.2
2025-01-14 01:00,92.19,47.9
2025-01-14 02:00,84.31,48.8
2025-01-14 03:00,96.66,45.9
2025-01-14 04:00,91.36,46.7
2025-01-14 05:00,116.38,44.7
2025-01-14 06:00,127.87,48.8
2025-01-14 07:00,139.19,43.3
2025-01-14 08:00,159.5,48.1
2025-01-14 09:00,157.68,45.5
2025-01-14 10:00,170.36,48.8
2025-01-14 11:00,177.82,47.7
2025-01-14 12:00,178.9,50.3
2025-01-14 13:00,184.08,47.4
2025-01-14 14:00,191.3,41.6
2025-01-14 15:00,186.18,45.2
2025-01-14 16:00,185.06,42.4
2025-01-14 17:00,164.77,43.9
2025-01-14 18:00,152.64,48.9
2025-01-14 19:00,133.45,46.6
2025-01-14 20:00,132.8,43.2
2025-01-14 21:00,112.43,42.3
2025-01-14 22:00,111.45,44.8
2025-01-14 23:00,112.58,41.6
2025-01-15 00:00,92.79,42.8
2025-01-15 01:00,77.22,45.2
2025-01-15 02:00,87.47,47.2
2025-01-15 03:00,103.92,45.7
2025-01-15 04:00,112.87,38.4
2025-01-15 05:00,116.54,44.7
2025-01-15 06:00,133.47,44.1
2025-01-15 07:00,142.29,44.8
2025-01-15 08:00,156.28,47.7
2025-01-15 09:00,176.51,38.4
2025-01-15 10:00,186.39,42.0
2025-01-15 11:00,183.75,44.8
2025-01-15 12:00,199.01,39.3
2025-01-15 13:00,183.69,46.8
2025-01-15 14:00,183.98,44.0
2025-01-15 15:00,191.56,45.1
2025-01-15 16:00,179.25,41.4
2025-01-15 17:00,168.65,44.8
2025-01-15 18:00,152.24,45.3
2025-01-15 19:00,137.5,43.1
2025-01-15 20:00,128.4,43.0
2025-01-15 21:00,125.05,43.0
2025-01-15 22:00,111.66,40.1
2025-01-15 23:00,88.92,41.7
2025-01-16 00:00,93.0,41.6
2025-01-16 01:00,102.51,42.9
2025-01-16 02:00,91.31,44.3
2025-01-16 03:00,90.19,39.0
2025-01-16 04:00,118.8,41.3
2025-01-16 05:00,118.79,45.2
2025-01-16 06:00,130.96,39.5
2025-01-16 07:00,142.53,39.2
2025-01-16 08:00,161.79,41.7
2025-01-16 09:00,162.37,43.2
2025-01-16 10:00,185.35,41.0
2025-01-16 11:00,185.68,44.2
2025-01-16 12:00,190.44,42.9
2025-01-16 13:00,191.71,42.7
2025-01-16 14:00,189.16,41.9
2025-01-16 15:00,186.1,46.3
2025-01-16 16:00,174.67,39.8
2025-01-16 17:00,164.86,35.2
2025-01-16 18:00,156.4,44.1
2025-01-16 19:00,148.87,38.9
2025-01-16 20:00,133.67,40.2
2025-01-16 21:00,118.8,43.1
2025-01-16 22:00,109.54,35.7
2025-01-16 23:00,107.43,36.5
2025-01-17 00:00,97.9,35.5
2025-01-17 01:00,92.29,37.4
2025-01-17 02:00,93.19,40.4
2025-01-17 03:00,112.14,40.5
2025-01-17 04:00,98.11,39.8
2025-01-17 05:00,125.39,35.5
2025-01-17 06:00,126.89,33.1
2025-01-17 07:00,144.38,38.9
2025-01-17 08:00,157.05,37.5
2025-01-17 09:00,156.98,39.7
2025-01-17 10:00,181.68,40.2
2025-01-17 11:00,186.95,38.7
2025-01-17 12:00,179.84,40.2
2025-01-17 13:00,201.04,38.8
2025-01-17 14:00,202.04,39.4
2025-01-17 15:00,201.3,36.2
2025-01-17 16:00,184.85,37.4
2025-01-17 17:00,171.41,38.3
2025-01-17 18:00,165.27,39.8
2025-01-17 19:00,157.34,36.6
2025-01-17 20:00,138.8,38.8
2025-01-17 21:00,115.73,36.7
2025-01-17 22:00,111.72,37.0
2025-01-17 23:00,103.47,39.3
2025-01-18 00:00,69.39,32.1
2025-01-18 01:00,80.8,33.8
2025-01-18 02:00,93.34,33.2
2025-01-18 03:00,88.94,31.0
2025-01-18 04:00,98.39,35.0
2025-01-18 05:00,97.08,38.5
2025-01-18 06:00,107.23,35.8
2025-01-18 07:00,119.83,37.0
2025-01-18 08:00,121.5,39.1
2025-01-18 09:00,129.94,39.6
2025-01-18 10:00,155.13,36.0
2025-01-18 11:00,158.88,39.5
2025-01-18 12:00,152.07,36.2
2025-01-18 13:00,167.74,33.8
2025-01-18 14:00,159.45,34.3
2025-01-18 15:00,160.13,32.0
2025-01-18 16:00,152.78,33.4
2025-01-18 17:00,146.15,34.7
2025-01-18 18:00,128.25,37.5
2025-01-18 19:00,123.91,39.7
2025-01-18 20:00,112.32,31.8
2025-01-18 21:00,101.2,36.2
2025-01-18 22:00,86.02,32.5
2025-01-18 23:00,95.26,36.2
2025-01-19 00:00,81.81,34.6
2025-01-19 01:00,84.01,30.3
2025-01-19 02:00,68.08,37.1
2025-01-19 03:00,78.99,33.2
2025-01-19 04:00,98.0,33.3
2025-01-19 05:00,101.92,31.9
2025-01-19 06:00,98.3,32.8
2025-01-19 07:00,124.93,35.4
2025-01-19 08:00,127.55,33.8
2025-01-19 09:00,148.31,35.0
2025-01-19 10:00,147.94,35.0
2025-01-19 11:00,154.0,37.4
2025-01-19 12:00,168.3,33.1
2025-01-19 13:00,160.29,30.2
2025-01-19 14:00,151.8,36.5
2025-01-19 15:00,156.03,32.9
2025-01-19 16:00,152.07,36.5
2025-01-19 17:00,132.3,34.5
2025-01-19 18:00,121.33,33.2
2025-01-19 19:00,124.51,34.3
2025-01-19 20:00,102.37,38.2
2025-01-19 21:00,93.64,38.5
2025-01-19 22:00,79.36,33.4
2025-01-19 23:00,79.66,33.6
2025-01-20 00:00,97.96,35.8
2025-01-20 01:00,104.86,30.9
2025-01-20 02:00,94.64,33.8
2025-01-20 03:00,115.11,32.8
2025-01-20 04:00,108.88,33.6
2025-01-20 05:00,122.1,30.7
2025-01-20 06:00,150.04,28.7
2025-01-20 07:00,157.34,27.4
2025-01-20 08:00,164.46,29.8
2025-01-20 09:00,178.05,31.3
2025-01-20 10:00,197.72,31.7
2025-01-20 11:00,199.95,37.2
2025-01-20 12:00,194.13,35.1
2025-01-20 13:00,207.33,29.8
2025-01-20 14:00,202.16,33.0
2025-01-20 15:00,192.87,31.1
2025-01-20 16:00,189.67,31.3
2025-01-20 17:00,177.74,32.5
2025-01-20 18:00,170.71,33.5
2025-01-20 19:00,159.85,31.0
2025-01-20 20:00,133.8,34.5
2025-01-20 21:00,126.3,28.9
2025-01-20 22:00,118.32,31.7
2025-01-20 23:00,98.08,38.2
2025-01-21 00:00,103.83,32.2
2025-01-21 01:00,96.11,35.1
2025-01-21 02:00,94.75,31.7
2025-01-21 03:00,99.36,32.9
2025-01-21 04:00,123.36,31.3
2025-01-21 05:00,125.05,30.9
2025-01-21 06:00,150.09,29.4
2025-01-21 07:00,148.28,32.3
2025-01-21 08:00,170.22,29.1
2025-01-21 09:00,191.64,32.8
2025-01-21 10:00,180.67,33.8
2025-01-21 11:00,186.27,32.0
2025-01-21 12:00,212.83,30.3
2025-01-21 13:00,199.64,32.1
2025-01-21 14:00,205.17,30.2
2025-01-21 15:00,192.57,33.3
2025-01-21 16:00,197.66,26.3
2025-01-21 17:00,174.78,30.0
2025-01-21 18:00,170.81,25.8
2025-01-21 19:00,159.16,27.0
2025-01-21 20:00,130.03,34.1
2025-01-21 21:00,120.2,32.9
2025-01-21 22:00,114.33,28.9
2025-01-21 23:00,100.57,26.9
2025-01-22 00:00,103.47,23.2
2025-01-22 01:00,101.05,29.2
2025-01-22 02:00,95.1,36.6
2025-01-22 03:00,104.36,31.6
2025-01-22 04:00,116.14,29.1
2025-01-22 05:00,121.52,31.6
2025-01-22 06:00,146.88,26.5
2025-01-22 07:00,162.56,29.6
2025-01-22 08:00,164.09,30.6
2025-01-22 09:00,183.26,30.1
2025-01-22 10:00,187.44,32.3
2025-01-22 11:00,200.92,31.1
2025-01-22 12:00,212.44,31.9
2025-01-22 13:00,212.33,28.5
2025-01-22 14:00,191.72,32.5
2025-01-22 15:00,197.54,34.3
2025-01-22 16:00,201.7,27.8
2025-01-22 17:00,181.47,27.9
2025-01-22 18:00,169.84,33.5
2025-01-22 19:00,149.79,29.7
2025-01-22 20:00,127.61,33.6
2025-01-22 21:00,128.36,29.0
2025-01-22 22:00,102.35,33.7
2025-01-22 23:00,105.33,30.4
2025-01-23 00:00,108.94,30.7
2025-01-23 01:00,85.91,34.0
2025-01-23 02:00,94.54,29.1
2025-01-23 03:00,102.4,27.7
2025-01-23 04:00,116.0,28.9
2025-01-23 05:00,123.61,31.2
2025-01-23 06:00,151.48,26.1
2025-01-23 07:00,157.79,31.6
2025-01-23 08:00,171.89,28.7
2025-01-23 09:00,178.11,32.9
2025-01-23 10:00,201.14,24.0
2025-01-23 11:00,197.45,28.0
2025-01-23 12:00,216.09,25.8
2025-01-23 13:00,203.36,27.9
2025-01-23 14:00,209.74,30.6
2025-01-23 15:00,207.83,29.6
2025-01-23 16:00,193.63,29.4
2025-01-23 17:00,179.86,29.6
2025-01-23 18:00,169.37,30.5
2025-01-23 19:00,138.83,27.5
2025-01-23 20:00,139.93,31.8
2025-01-23 21:00,124.7,31.7
2025-01-23 22:00,114.55,31.0
2025-01-23 23:00,110.31,31.4
2025-01-24 00:00,100.71,30.8
2025-01-24 01:00,89.78,35.2
2025-01-24 02:00,100.9,29.9
2025-01-24 03:00,107.89,29.3
2025-01-24 04:00,117.55,28.2
2025-01-24 05:00,129.63,27.6
2025-01-24 06:00,148.51,27.0
2025-01-24 07:00,149.06,27.9
2025-01-24 08:00,168.56,30.0
2025-01-24 09:00,187.05,31.0
2025-01-24 10:00,180.79,30.3
2025-01-24 11:00,203.33,28.3
2025-01-24 12:00,198.79,32.5
2025-01-24 13:00,202.37,32.1
2025-01-24 14:00,200.22,29.9
2025-01-24 15:00,200.77,28.7
2025-01-24 16:00,200.59,31.7
2025-01-24 17:00,171.93,30.9
2025-01-24 18:00,163.86,26.8
2025-01-24 19:00,145.53,30.3
2025-01-24 20:00,149.07,31.1
2025-01-24 21:00,125.34,28.2
2025-01-24 22:00,114.71,31.0
2025-01-24 23:00,106.69,26.9
2025-01-25 00:00,73.67,33.9
2025-01-25 01:00,76.59,33.7
2025-01-25 02:00,96.08,30.0
2025-01-25 03:00,93.13,31.6
2025-01-25 04:00,90.41,24.7
2025-01-25 05:00,106.61,27.9
2025-01-25 06:00,106.72,30.1
2025-01-25 07:00,113.64,28.2
2025-01-25 08:00,137.9,32.7
2025-01-25 09:00,146.01,35.9
2025-01-25 10:00,161.47,28.0
2025-01-25 11:00,158.41,28.9
2025-01-25 12:00,161.75,31.6
2025-01-25 13:00,165.09,35.1
2025-01-25 14:00,168.76,28.1
2025-01-25 15:00,155.97,31.8
2025-01-25 16:00,138.05,35.8
2025-01-25 17:00,147.66,27.1
2025-01-25 18:00,142.07,28.1
2025-01-25 19:00,115.47,30.3
2025-01-25 20:00,115.51,30.1
2025-01-25 21:00,101.16,33.5
2025-01-25 22:00,95.75,32.1
2025-01-25 23:00,92.41,27.1
2025-01-26 00:00,75.7,32.9
2025-01-26 01:00,70.06,30.2
2025-01-26 02:00,75.65,34.9
2025-01-26 03:00,90.86,30.2
2025-01-26 04:00,89.08,30.2
2025-01-26 05:00,95.16,33.2
2025-01-26 06:00,98.14,33.8
2025-01-26 07:00,131.0,33.1
2025-01-26 08:00,140.78,27.8
2025-01-26 09:00,145.89,33.5
2025-01-26 10:00,159.5,29.6
2025-01-26 11:00,160.77,32.8
2025-01-26 12:00,164.26,28.7
2025-01-26 13:00,161.31,33.5
2025-01-26 14:00,161.45,30.4
2025-01-26 15:00,176.66,29.3
2025-01-26 16:00,152.48,34.3
2025-01-26 17:00,138.7,33.2
2025-01-26 18:00,135.85,31.1
2025-01-26 19:00,111.92,36.4
2025-01-26 20:00,119.58,31.7
2025-01-26 21:00,95.54,33.0
2025-01-26 22:00,93.39,33.6
2025-01-26 23:00,91.25,31.5
2025-01-27 00:00,101.27,34.3
2025-01-27 01:00,99.27,31.8
2025-01-27 02:00,100.34,32.2
2025-01-27 03:00,102.22,36.7
2025-01-27 04:00,111.57,30.8
2025-01-27 05:00,126.08,27.4
2025-01-27 06:00,141.98,37.5
2025-01-27 07:00,143.38,40.0
2025-01-27 08:00,160.02,32.7
2025-01-27 09:00,178.63,28.9
2025-01-27 10:00,194.58,33.0
2025-01-27 11:00,200.24,33.2
2025-01-27 12:00,204.4,33.5
2025-01-27 13:00,204.18,31.3
2025-01-27 14:00,201.81,35.6
2025-01-27 15:00,189.39,35.5
2025-01-27 16:00,189.4,30.6
2025-01-27 17:00,179.4,36.1
2025-01-27 18:00,162.73,39.6
2025-01-27 19:00,142.95,35.0
2025-01-27 20:00,131.26,33.8
2025-01-27 21:00,123.94,34.3
2025-01-27 22:00,121.38,36.3
2025-01-27 23:00,95.19,30.5
2025-01-28 00:00,99.94,35.4
2025-01-28 01:00,89.05,34.1
2025-01-28 02:00,91.68,39.7
2025-01-28 03:00,101.67,34.8
2025-01-28 04:00,106.23,39.5
2025-01-28 05:00,121.44,32.6
2025-01-28 06:00,133.68,36.9
2025-01-28 07:00,144.29,36.4
2025-01-28 08:00,155.11,33.5
2025-01-28 09:00,178.2,36.2
2025-01-28 10:00,185.53,38.9
2025-01-28 11:00,198.84,35.1
2025-01-28 12:00,194.01,31.8
2025-01-28 13:00,201.32,36.0
2025-01-28 14:00,204.54,33.9
2025-01-28 15:00,187.19,35.4
2025-01-28 16:00,184.29,36.2
2025-01-28 17:00,177.31,32.2
2025-01-28 18:00,175.94,32.5
2025-01-28 19:00,157.61,37.9
2025-01-28 20:00,124.96,35.4
2025-01-28 21:00,141.35,30.4
2025-01-28 22:00,103.67,38.9
2025-01-28 23:00,107.77,37.7
2025-01-29 00:00,104.11,35.3
2025-01-29 01:00,91.42,33.9
2025-01-29 02:00,98.66,39.4
2025-01-29 03:00,100.86,38.3
2025-01-29 04:00,109.19,43.5
2025-01-29 05:00,121.25,38.7
2025-01-29 06:00,139.3,38.7
2025-01-29 07:00,146.97,37.4
2025-01-29 08:00,156.1,39.9
2025-01-29 09:00,176.28,39.6
2025-01-29 10:00,181.66,41.2
2025-01-29 11:00,195.93,36.9
2025-01-29 12:00,192.29,37.2
2025-01-29 13:00,191.77,37.2
2025-01-29 14:00,188.67,40.5
2025-01-29 15:00,181.0,42.3
2025-01-29 16:00,187.3,37.5
2025-01-29 17:00,177.62,37.7
2025-01-29 18:00,156.45,39.7
2025-01-29 19:00,154.14,38.4
2025-01-29 20:00,137.88,41.5
2025-01-29 21:00,125.35,33.6
2025-01-29 22:00,105.43,37.2
2025-01-29 23:00,111.51,37.4
2025-01-30 00:00,98.95,33.7
2025-01-30 01:00,96.11,37.2
2025-01-30 02:00,94.92,37.4
2025-01-30 03:00,95.47,39.3
2025-01-30 04:00,97.6,42.7
2025-01-30 05:00,123.07,39.4
2025-01-30 06:00,128.4,37.5
2025-01-30 07:00,162.28,40.1
2025-01-30 08:00,147.44,43.0
2025-01-30 09:00,163.92,38.0
2025-01-30 10:00,184.78,38.3
2025-01-30 11:00,194.27,42.0
2025-01-30 12:00,192.82,40.2
2025-01-30 13:00,194.63,42.5
2025-01-30 14:00,180.44,40.9
2025-01-30 15:00,180.06,42.8
2025-01-30 16:00,174.9,38.6
2025-01-30 17:00,156.43,41.2
2025-01-30 18:00,156.86,40.8
2025-01-30 19:00,132.04,38.4
2025-01-30 20:00,125.05,37.7
2025-01-30 21:00,112.88,43.4
2025-01-30 22:00,102.71,40.9
2025-01-30 23:00,103.17,39.3
2025-01-31 00:00,96.03,41.8
2025-01-31 01:00,95.89,44.9
2025-01-31 02:00,102.05,36.5
2025-01-31 03:00,108.15,38.6
2025-01-31 04:00,108.27,40.1
2025-01-31 05:00,115.73,46.2
2025-01-31 06:00,131.11,43.3
2025-01-31 07:00,140.39,44.7
2025-01-31 08:00,154.68,40.0
2025-01-31 09:00,167.04,40.1
2025-01-31 10:00,169.74,44.2
2025-01-31 11:00,186.05,43.3
2025-01-31 12:00,186.18,44.6
2025-01-31 13:00,186.68,42.9
2025-01-31 14:00,183.37,44.2
2025-01-31 15:00,175.43,44.0
2025-01-31 16:00,178.79,45.6
2025-01-31 17:00,163.14,45.8
2025-01-31 18:00,152.05,39.8
2025-01-31 19:00,150.42,38.4
2025-01-31 20:00,121.84,46.6
2025-01-31 21:00,104.69,47.2
2025-01-31 22:00,113.23,41.7
2025-01-31 23:00,97.3,39.7
2025-02-01 00:00,71.39,44.7
2025-02-01 01:00,71.67,46.9
2025-02-01 02:00,78.44,49.2
2025-02-01 03:00,77.14,46.1
2025-02-01 04:00,77.2,44.0
2025-02-01 05:00,96.55,42.8
2025-02-01 06:00,98.27,45.1
2025-02-01 07:00,123.1,44.5
2025-02-01 08:00,123.31,42.8
2025-02-01 09:00,112.45,50.5
2025-02-01 10:00,136.3,50.0
2025-02-01 11:00,153.33,48.4
2025-02-01 12:00,160.1,43.4
2025-02-01 13:00,158.27,47.9
2025-02-01 14:00,140.31,47.5
2025-02-01 15:00,148.47,47.1
2025-02-01 16:00,130.54,49.2
2025-02-01 17:00,129.68,47.8
2025-02-01 18:00,111.17,48.2
2025-02-01 19:00,105.2,48.0
2025-02-01 20:00,95.58,47.3
2025-02-01 21:00,99.08,42.1
2025-02-01 22:00,87.51,46.9
2025-02-01 23:00,79.06,45.4
2025-02-02 00:00,66.28,43.7
2025-02-02 01:00,67.43,51.2
2025-02-02 02:00,65.98,51.4
2025-02-02 03:00,79.85,50.6
2025-02-02 04:00,89.19,47.9
2025-02-02 05:00,94.58,50.7
2025-02-02 06:00,95.01,47.5
2025-02-02 07:00,92.58,48.0
2025-02-02 08:00,110.93,44.9
2025-02-02 09:00,136.02,48.7
2025-02-02 10:00,133.67,48.0
2025-02-02 11:00,140.96,44.7
2025-02-02 12:00,155.91,47.9
2025-02-02 13:00,154.93,47.9
2025-02-02 14:00,141.27,52.7
2025-02-02 15:00,137.84,50.5
2025-02-02 16:00,134.88,48.4
2025-02-02 17:00,128.54,49.1
2025-02-02 18:00,127.99,48.6
2025-02-02 19:00,111.5,48.1
2025-02-02 20:00,104.93,46.0
2025-02-02 21:00,96.72,48.4
2025-02-02 22:00,75.62,47.0
2025-02-02 23:00,81.68,45.8
2025-02-03 00:00,86.98,50.3
2025-02-03 01:00,72.19,50.1
2025-02-03 02:00,79.53,44.8
2025-02-03 03:00,88.22,49.0
2025-02-03 04:00,102.97,51.9
2025-02-03 05:00,109.89,52.1
2025-02-03 06:00,121.48,52.1
2025-02-03 07:00,146.36,49.7
2025-02-03 08:00,141.47,47.6
2025-02-03 09:00,161.04,47.1
2025-02-03 10:00,168.61,50.7
2025-02-03 11:00,169.59,50.9
2025-02-03 12:00,175.84,53.2
2025-02-03 13:00,168.14,52.9
2025-02-03 14:00,188.48,49.9
2025-02-03 15:00,174.61,47.1
2025-02-03 16:00,180.4,49.5
2025-02-03 17:00,156.65,51.0
2025-02-03 18:00,152.76,50.0
2025-02-03 19:00,134.93,49.1
2025-02-03 20:00,120.94,51.3
2025-02-03 21:00,107.82,49.4
2025-02-03 22:00,102.43,49.2
2025-02-03 23:00,94.48,51.6
2025-02-04 00:00,84.31,49.9
2025-02-04 01:00,85.61,51.6
2025-02-04 02:00,84.2,51.7
2025-02-04 03:00,108.61,48.3
2025-02-04 04:00,100.61,50.0
2025-02-04 05:00,116.31,54.9
2025-02-04 06:00,122.43,48.4
2025-02-04 07:00,139.7,46.1
2025-02-04 08:00,142.0,46.8
2025-02-04 09:00,153.44,51.6
2025-02-04 10:00,166.94,51.7
2025-02-04 11:00,182.96,51.4
2025-02-04 12:00,175.08,54.7
2025-02-04 13:00,196.11,45.1
2025-02-04 14:00,180.06,52.8
2025-02-04 15:00,177.66,55.8
2025-02-04 16:00,168.35,49.1
2025-02-04 17:00,171.07,51.1
2025-02-04 18:00,143.47,50.2
2025-02-04 19:00,129.91,49.9
2025-02-04 20:00,113.78,51.4
2025-02-04 21:00,120.27,55.8
2025-02-04 22:00,101.08,56.9
2025-02-04 23:00,90.65,51.5
2025-02-05 00:00,91.91,57.2
2025-02-05 01:00,89.91,52.5
2025-02-05 02:00,96.39,56.9
2025-02-05 03:00,82.83,52.3
2025-02-05 04:00,97.43,52.9
2025-02-05 05:00,105.29,53.6
2025-02-05 06:00,101.09,60.6
2025-02-05 07:00,136.09,54.9
2025-02-05 08:00,143.89,51.0
2025-02-05 09:00,156.43,55.3
2025-02-05 10:00,179.46,52.0
2025-02-05 11:00,170.9,51.7
2025-02-05 12:00,170.59,55.2
2025-02-05 13:00,178.16,53.1
2025-02-05 14:00,180.95,53.7
2025-02-05 15:00,167.83,53.1
2025-02-05 16:00,159.12,54.0
2025-02-05 17:00,159.49,54.2
2025-02-05 18:00,150.56,48.4
2025-02-05 19:00,117.42,54.9
2025-02-05 20:00,114.16,50.8
2025-02-05 21:00,120.12,49.7
2025-02-05 22:00,101.24,53.2
2025-02-05 23:00,86.69,53.6
2025-02-06 00:00,86.87,51.7
2025-02-06 01:00,83.99,55.5
2025-02-06 02:00,93.3,50.1
2025-02-06 03:00,83.85,52.5
2025-02-06 04:00,94.59,52.1
2025-02-06 05:00,109.79,53.4
2025-02-06 06:00,117.88,54.3
2025-02-06 07:00,136.78,51.1
2025-02-06 08:00,133.49,55.5
2025-02-06 09:00,155.75,53.8
2025-02-06 10:00,175.45,49.0
2025-02-06 11:00,179.54,48.8
2025-02-06 12:00,175.91,53.7
2025-02-06 13:00,176.71,53.2
2025-02-06 14:00,170.31,53.5
2025-02-06 15:00,170.04,53.7
2025-02-06 16:00,169.97,54.4
2025-02-06 17:00,150.21,56.2
2025-02-06 18:00,140.11,51.1
2025-02-06 19:00,130.55,50.9
2025-02-06 20:00,122.43,51.1
2025-02-06 21:00,104.98,54.6
2025-02-06 22:00,98.98,57.0
2025-02-06 23:00,94.9,52.8
2025-02-07 00:00,95.77,47.7
2025-02-07 01:00,96.1,49.7
2025-02-07 02:00,93.75,51.9
2025-02-07 03:00,86.34,52.6
2025-02-07 04:00,93.59,52.9
2025-02-07 05:00,107.2,54.1
2025-02-07 06:00,116.72,53.2
2025-02-07 07:00,121.22,56.6
2025-02-07 08:00,141.51,52.3
2025-02-07 09:00,153.0,51.8
2025-02-07 10:00,157.41,55.2
2025-02-07 11:00,173.04,50.2
2025-02-07 12:00,180.52,55.0
2025-02-07 13:00,177.12,54.3
2025-02-07 14:00,190.01,53.6
2025-02-07 15:00,166.19,58.0
2025-02-07 16:00,163.0,52.4
2025-02-07 17:00,147.64,59.1
2025-02-07 18:00,144.53,53.4
2025-02-07 19:00,136.26,50.8
2025-02-07 20:00,131.07,54.1
2025-02-07 21:00,104.8,51.3
2025-02-07 22:00,104.79,52.1
2025-02-07 23:00,91.61,54.9
2025-02-08 00:00,59.04,55.3
2025-02-08 01:00,73.33,52.4
2025-02-08 02:00,75.53,56.4
2025-02-08 03:00,66.15,56.8
2025-02-08 04:00,76.54,57.5
2025-02-08 05:00,75.06,55.2
2025-02-08 06:00,85.16,57.3
2025-02-08 07:00,114.47,49.1
2025-02-08 08:00,111.93,53.0
2025-02-08 09:00,118.21,51.6
2025-02-08 10:00,131.6,54.1
2025-02-08 11:00,134.64,52.3
2025-02-08 12:00,137.63,53.3
2025-02-08 13:00,140.86,58.4
2025-02-08 14:00,133.54,53.3
2025-02-08 15:00,129.97,54.7
2025-02-08 16:00,132.12,53.1
2025-02-08 17:00,128.72,53.8
2025-02-08 18:00,121.67,53.6
2025-02-08 19:00,99.93,54.7
2025-02-08 20:00,98.9,56.4
2025-02-08 21:00,79.17,57.6
2025-02-08 22:00,89.41,54.2
2025-02-08 23:00,65.49,54.9
2025-02-09 00:00,78.87,50.5
2025-02-09 01:00,64.37,53.2
2025-02-09 02:00,80.35,55.7
2025-02-09 03:00,75.55,55.5
2025-02-09 04:00,72.61,53.8
2025-02-09 05:00,82.11,55.5
2025-02-09 06:00,99.37,54.4
2025-02-09 07:00,109.1,56.2
2025-02-09 08:00,113.61,53.8
2025-02-09 09:00,124.62,52.2
2025-02-09 10:00,134.96,53.9
2025-02-09 11:00,145.23,45.7
2025-02-09 12:00,132.08,53.9
2025-02-09 13:00,146.7,43.8
2025-02-09 14:00,146.75,48.6
2025-02-09 15:00,143.44,54.0
2025-02-09 16:00,140.01,54.0
2025-02-09 17:00,131.16,49.8
2025-02-09 18:00,118.22,50.9
2025-02-09 19:00,107.35,56.1
2025-02-09 20:00,92.81,51.4
2025-02-09 21:00,82.62,58.2
2025-02-09 22:00,74.53,52.5
2025-02-09 23:00,65.58,53.5
2025-02-10 00:00,86.88,56.4
2025-02-10 01:00,86.81,52.7
2025-02-10 02:00,93.23,49.8
2025-02-10 03:00,95.63,52.0
2025-02-10 04:00,101.09,52.1
2025-02-10 05:00,115.24,48.7
2025-02-10 06:00,120.73,51.4
2025-02-10 07:00,136.73,50.2
2025-02-10 08:00,137.76,54.3
2025-02-10 09:00,157.91,52.0
2025-02-10 10:00,170.33,51.1
2025-02-10 11:00,169.24,51.5
2025-02-10 12:00,177.24,52.3
2025-02-10 13:00,173.57,53.2
2025-02-10 14:00,177.85,49.1
2025-02-10 15:00,169.74,48.9
2025-02-10 16:00,170.21,54.2
2025-02-10 17:00,163.91,50.4
2025-02-10 18:00,152.12,47.8
2025-02-10 19:00,143.96,52.4
2025-02-10 20:00,119.04,52.4
2025-02-10 21:00,131.21,47.3
2025-02-10 22:00,98.59,51.6
2025-02-10 23:00,93.3,52.8
2025-02-11 00:00,85.4,51.9
2025-02-11 01:00,88.08,52.4
2025-02-11 02:00,95.71,47.3
2025-02-11 03:00,91.95,51.5
2025-02-11 04:00,111.89,49.9
2025-02-11 05:00,112.83,49.4
2025-02-11 06:00,121.52,52.7
2025-02-11 07:00,125.0,54.1
2025-02-11 08:00,144.04,54.8
2025-02-11 09:00,153.11,53.5
2025-02-11 10:00,164.12,49.9
2025-02-11 11:00,169.24,51.0
2025-02-11 12:00,193.37,51.9
2025-02-11 13:00,179.53,50.3
2025-02-11 14:00,170.84,50.2
2025-02-11 15:00,168.63,51.9
2025-02-11 16:00,167.87,49.6
2025-02-11 17:00,163.67,47.8
2025-02-11 18:00,151.46,48.5
2025-02-11 19:00,137.45,51.1
2025-02-11 20:00,118.88,49.4
2025-02-11 21:00,112.8,50.2
2025-02-11 22:00,95.23,50.9
2025-02-11 23:00,91.15,48.2
2025-02-12 00:00,82.86,50.9
2025-02-12 01:00,80.28,49.9
2025-02-12 02:00,98.02,45.8
2025-02-12 03:00,96.19,52.4
2025-02-12 04:00,108.83,47.5
2025-02-12 05:00,115.48,44.5
2025-02-12 06:00,130.45,45.9
2025-02-12 07:00,127.77,45.9
2025-02-12 08:00,153.33,48.5
2025-02-12 09:00,161.71,47.6
2025-02-12 10:00,174.61,47.3
2025-02-12 11:00,177.87,49.6
2025-02-12 12:00,175.39,48.8
2025-02-12 13:00,174.14,48.7
2025-02-12 14:00,177.05,48.8
2025-02-12 15:00,179.45,49.3
2025-02-12 16:00,180.95,42.4
2025-02-12 17:00,153.51,46.6
2025-02-12 18:00,149.07,42.0
2025-02-12 19:00,132.51,47.4
2025-02-12 20:00,122.48,47.2
2025-02-12 21:00,102.88,49.8
2025-02-12 22:00,92.58,50.0
2025-02-12 23:00,90.41,47.5
2025-02-13 00:00,92.26,45.6
2025-02-13 01:00,81.53,48.0
2025-02-13 02:00,91.21,45.4
2025-02-13 03:00,102.3,46.6
2025-02-13 04:00,94.08,49.0
2025-02-13 05:00,113.6,45.0
2025-02-13 06:00,129.85,48.3
2025-02-13 07:00,133.91,47.9
2025-02-13 08:00,149.71,43.7
2025-02-13 09:00,166.66,48.4
2025-02-13 10:00,168.64,47.7
2025-02-13 11:00,186.69,46.1
2025-02-13 12:00,190.37,43.8
2025-02-13 13:00,187.86,43.5
2025-02-13 14:00,190.21,44.2
2025-02-13 15:00,181.11,46.8
2025-02-13 16:00,182.27,42.9
2025-02-13 17:00,158.8,46.3
2025-02-13 18:00,155.2,42.0
2025-02-13 19:00,139.32,44.5
2025-02-13 20:00,130.66,45.2
2025-02-13 21:00,104.0,50.9
2025-02-13 22:00,113.56,41.3
2025-02-13 23:00,97.61,48.3
2025-02-14 00:00,84.32,44.9
2025-02-14 01:00,97.47,45.4
2025-02-14 02:00,105.81,44.6
2025-02-14 03:00,102.82,45.3
2025-02-14 04:00,114.25,43.7
2025-02-14 05:00,113.28,47.6
2025-02-14 06:00,118.6,42.7
2025-02-14 07:00,126.6,46.6
2025-02-14 08:00,156.42,42.1
2025-02-14 09:00,161.8,43.4
2025-02-14 10:00,173.21,40.8
2025-02-14 11:00,181.65,44.5
2025-02-14 12:00,187.55,46.9
2025-02-14 13:00,181.85,43.0
2025-02-14 14:00,186.71,42.6
2025-02-14 15:00,196.51,40.2
2025-02-14 16:00,170.48,42.3
2025-02-14 17:00,175.83,38.8
2025-02-14 18:00,153.77,40.3
2025-02-14 19:00,144.31,43.1
2025-02-14 20:00,132.55,45.7
2025-02-14 21:00,115.85,49.3
2025-02-14 22:00,113.28,40.7
2025-02-14 23:00,89.63,45.7
2025-02-15 00:00,81.61,42.6
2025-02-15 01:00,69.01,41.5
2025-02-15 02:00,76.35,42.9
2025-02-15 03:00,80.85,41.8
2025-02-15 04:00,88.53,41.9
2025-02-15 05:00,96.77,40.5
2025-02-15 06:00,101.18,37.9
2025-02-15 07:00,109.09,37.4
2025-02-15 08:00,128.53,42.8
2025-02-15 09:00,136.14,40.4
2025-02-15 10:00,151.12,39.5
2025-02-15 11:00,148.98,40.9
2025-02-15 12:00,142.91,42.7
2025-02-15 13:00,160.18,41.1
2025-02-15 14:00,153.06,38.9
2025-02-15 15:00,148.67,43.5
2025-02-15 16:00,135.73,44.3
2025-02-15 17:00,143.91,41.5
2025-02-15 18:00,118.23,42.6
2025-02-15 19:00,110.78,43.1
2025-02-15 20:00,103.49,42.7
2025-02-15 21:00,87.63,41.3
2025-02-15 22:00,87.98,41.2
2025-02-15 23:00,89.47,40.9
2025-02-16 00:00,74.96,36.8
2025-02-16 01:00,76.67,41.2
2025-02-16 02:00,61.84,35.9
2025-02-16 03:00,81.54,37.2
2025-02-16 04:00,83.45,42.4
2025-02-16 05:00,89.43,41.1
2025-02-16 06:00,109.43,42.6
2025-02-16 07:00,114.69,38.1
2025-02-16 08:00,128.08,35.8
2025-02-16 09:00,134.91,38.0
2025-02-16 10:00,133.41,38.7
2025-02-16 11:00,144.74,38.6
2025-02-16 12:00,158.76,41.1
2025-02-16 13:00,145.67,37.3
2025-02-16 14:00,150.6,39.0
2025-02-16 15:00,152.2,35.5
2025-02-16 16:00,155.11,39.0
2025-02-16 17:00,141.95,37.8
2025-02-16 18:00,125.79,35.8
2025-02-16 19:00,125.32,37.0
2025-02-16 20:00,102.39,37.0
2025-02-16 21:00,103.16,36.7
2025-02-16 22:00,77.53,41.7
2025-02-16 23:00,88.34,37.0
2025-02-17 00:00,95.1,36.5
2025-02-17 01:00,92.56,31.8
2025-02-17 02:00,97.39,34.7
2025-02-17 03:00,104.57,36.2
2025-02-17 04:00,108.99,35.0
2025-02-17 05:00,122.04,40.1
2025-02-17 06:00,130.83,36.1
2025-02-17 07:00,148.03,39.7
2025-02-17 08:00,163.34,36.5
2025-02-17 09:00,172.93,36.4
2025-02-17 10:00,181.83,36.0
2025-02-17 11:00,193.44,36.1
2025-02-17 12:00,195.6,40.3
2025-02-17 13:00,219.59,30.1
2025-02-17 14:00,210.12,30.8
2025-02-17 15:00,200.54,34.4
2025-02-17 16:00,203.35,35.7
2025-02-17 17:00,175.37,37.3
2025-02-17 18:00,163.46,36.6
2025-02-17 19:00,153.58,34.4
2025-02-17 20:00,126.79,37.8
2025-02-17 21:00,117.9,37.8
2025-02-17 22:00,108.52,35.6
2025-02-17 23:00,105.95,37.4
2025-02-18 00:00,97.05,35.6
2025-02-18 01:00,98.51,33.5
2025-02-18 02:00,104.05,36.5
2025-02-18 03:00,108.9,35.0
2025-02-18 04:00,111.28,34.6
2025-02-18 05:00,116.2,38.2
2025-02-18 06:00,147.96,28.3
2025-02-18 07:00,157.45,30.8
2025-02-18 08:00,156.5,31.3
2025-02-18 09:00,174.88,33.3
2025-02-18 10:00,188.43,33.5
2025-02-18 11:00,204.48,30.3
2025-02-18 12:00,209.05,31.5
2025-02-18 13:00,206.81,31.7
2025-02-18 14:00,196.25,40.0
2025-02-18 15:00,190.23,38.2
2025-02-18 16:00,184.42,32.6
2025-02-18 17:00,175.89,32.7
2025-02-18 18:00,166.96,30.6
2025-02-18 19:00,154.67,28.7
2025-02-18 20:00,125.69,33.1
2025-02-18 21:00,123.7,30.8
2025-02-18 22:00,113.75,33.0
2025-02-18 23:00,105.92,29.2
2025-02-19 00:00,99.44,31.2
2025-02-19 01:00,100.66,33.4
2025-02-19 02:00,92.75,33.9
2025-02-19 03:00,94.65,33.9
2025-02-19 04:00,113.85,29.5
2025-02-19 05:00,127.44,34.9
2025-02-19 06:00,149.22,30.7
2025-02-19 07:00,154.27,34.2
2025-02-19 08:00,156.07,32.5
2025-02-19 09:00,180.17,29.0
2025-02-19 10:00,191.21,31.6
2025-02-19 11:00,197.14,33.3
2025-02-19 12:00,203.85,33.8
2025-02-19 13:00,199.42,31.9
2025-02-19 14:00,198.21,36.0
2025-02-19 15:00,196.89,34.6
2025-02-19 16:00,194.88,31.4
2025-02-19 17:00,171.28,33.9
2025-02-19 18:00,158.35,36.8
2025-02-19 19:00,130.87,36.8
2025-02-19 20:00,137.05,28.8
2025-02-19 21:00,124.01,29.5
2025-02-19 22:00,105.55,35.4
2025-02-19 23:00,108.7,29.0
2025-02-20 00:00,102.42,28.3
2025-02-20 01:00,86.07,30.3
2025-02-20 02:00,101.34,32.6
2025-02-20 03:00,100.67,31.2
2025-02-20 04:00,118.66,29.8
2025-02-20 05:00,119.29,29.7
2025-02-20 06:00,140.28,29.5
2025-02-20 07:00,152.8,29.1
2025-02-20 08:00,162.09,36.9
2025-02-20 09:00,179.07,31.9
2025-02-20 10:00,186.08,33.3
2025-02-20 11:00,191.12,29.9
2025-02-20 12:00,195.93,30.6
2025-02-20 13:00,204.88,29.2
2025-02-20 14:00,212.77,24.3
2025-02-20 15:00,199.68,27.5
2025-02-20 16:00,199.74,26.3
2025-02-20 17:00,184.21,25.2
2025-02-20 18:00,164.02,27.8
2025-02-20 19:00,148.02,34.1
2025-02-20 20:00,140.51,30.6
2025-02-20 21:00,125.57,33.9
2025-02-20 22:00,125.64,31.7
2025-02-20 23:00,101.31,32.6
2025-02-21 00:00,102.29,28.3
2025-02-21 01:00,101.23,31.9
2025-02-21 02:00,100.04,32.3
2025-02-21 03:00,104.67,29.1
2025-02-21 04:00,104.94,31.9
2025-02-21 05:00,122.19,31.9
2025-02-21 06:00,134.09,29.0
2025-02-21 07:00,145.57,27.6
2025-02-21 08:00,165.47,27.4
2025-02-21 09:00,173.58,30.5
2025-02-21 10:00,193.77,31.1
2025-02-21 11:00,205.89,28.3
2025-02-21 12:00,199.68,30.3
2025-02-21 13:00,203.64,31.7
2025-02-21 14:00,192.11,31.8
2025-02-21 15:00,192.09,34.1
2025-02-21 16:00,189.97,33.4
2025-02-21 17:00,188.07,27.7
2025-02-21 18:00,158.67,34.4
2025-02-21 19:00,161.06,28.8
2025-02-21 20:00,128.21,32.7
2025-02-21 21:00,119.02,30.3
2025-02-21 22:00,120.52,29.1
2025-02-21 23:00,120.04,25.6
2025-02-22 00:00,84.48,29.6
2025-02-22 01:00,81.55,26.2
2025-02-22 02:00,66.91,32.5
2025-02-22 03:00,71.45,33.8
2025-02-22 04:00,94.38,28.0
2025-02-22 05:00,98.74,30.8
2025-02-22 06:00,106.37,28.2
2025-02-22 07:00,124.47,28.4
2025-02-22 08:00,133.07,31.9
2025-02-22 09:00,150.13,29.9
2025-02-22 10:00,149.94,34.4
2025-02-22 11:00,168.7,28.8
2025-02-22 12:00,161.9,32.5
2025-02-22 13:00,164.94,30.2
2025-02-22 14:00,168.76,32.0
2025-02-22 15:00,155.37,28.9
2025-02-22 16:00,170.29,29.9
2025-02-22 17:00,146.89,29.7
2025-02-22 18:00,138.03,27.9
2025-02-22 19:00,124.74,31.7
2025-02-22 20:00,121.86,31.7
2025-02-22 21:00,105.17,31.5
2025-02-22 22:00,80.59,33.9
2025-02-22 23:00,92.09,33.7
2025-02-23 00:00,79.74,29.1
2025-02-23 01:00,80.01,31.0
2025-02-23 02:00,74.41,28.5
2025-02-23 03:00,88.7,30.2
2025-02-23 04:00,89.36,28.6
2025-02-23 05:00,99.33,34.2
2025-02-23 06:00,109.31,31.1
2025-02-23 07:00,134.72,29.6
2025-02-23 08:00,143.25,33.2
2025-02-23 09:00,149.38,24.8
2025-02-23 10:00,158.29,25.2
2025-02-23 11:00,155.65,32.2
2025-02-23 12:00,170.63,30.4
2025-02-23 13:00,162.97,30.9
2025-02-23 14:00,164.99,27.0
2025-02-23 15:00,165.72,30.3
2025-02-23 16:00,144.92,35.4
2025-02-23 17:00,141.95,32.4
2025-02-23 18:00,123.83,30.8
2025-02-23 19:00,127.61,29.3
2025-02-23 20:00,123.76,29.5
2025-02-23 21:00,108.76,25.2
2025-02-23 22:00,100.56,31.2
2025-02-23 23:00,79.13,32.7
2025-02-24 00:00,105.22,26.6
2025-02-24 01:00,94.83,29.0
2025-02-24 02:00,101.73,27.8
2025-02-24 03:00,112.83,28.3
2025-02-24 04:00,115.58,30.9
2025-02-24 05:00,121.77,25.5
2025-02-24 06:00,129.76,32.3
2025-02-24 07:00,142.7,32.7
2025-02-24 08:00,170.21,30.2
2025-02-24 09:00,198.83,24.7
2025-02-24 10:00,201.63,28.5
2025-02-24 11:00,183.68,34.1
2025-02-24 12:00,221.64,24.1
2025-02-24 13:00,212.7,30.2
2025-02-24 14:00,198.6,28.2
2025-02-24 15:00,194.36,33.2
2025-02-24 16:00,198.75,29.5
2025-02-24 17:00,181.22,32.3
2025-02-24 18:00,156.81,32.7
2025-02-24 19:00,151.56,35.9
2025-02-24 20:00,126.08,30.9
2025-02-24 21:00,123.49,32.4
2025-02-24 22:00,124.01,27.8
2025-02-24 23:00,104.12,34.5
2025-02-25 00:00,98.86,29.7
2025-02-25 01:00,105.01,30.3
2025-02-25 02:00,106.47,31.7
2025-02-25 03:00,116.33,27.9
2025-02-25 04:00,119.1,32.4
2025-02-25 05:00,129.8,34.3
2025-02-25 06:00,141.75,32.7
2025-02-25 07:00,157.09,28.0
2025-02-25 08:00,166.23,31.7
2025-02-25 09:00,174.58,34.0
2025-02-25 10:00,187.36,27.5
2025-02-25 11:00,195.0,29.5
2025-02-25 12:00,198.08,34.5
2025-02-25 13:00,204.88,33.0
2025-02-25 14:00,209.75,33.4
2025-02-25 15:00,190.99,37.1
2025-02-25 16:00,193.19,33.7
2025-02-25 17:00,182.16,34.3
2025-02-25 18:00,156.23,39.5
2025-02-25 19:00,155.05,32.2
2025-02-25 20:00,137.52,30.8
2025-02-25 21:00,131.53,33.9
2025-02-25 22:00,116.48,34.0
2025-02-25 23:00,98.77,31.7
2025-02-26 00:00,102.32,30.5
2025-02-26 01:00,104.16,38.9
2025-02-26 02:00,98.02,34.0
2025-02-26 03:00,108.75,31.5
2025-02-26 04:00,114.77,35.7
2025-02-26 05:00,117.99,33.2
2025-02-26 06:00,140.23,32.9
2025-02-26 07:00,140.44,35.0
2025-02-26 08:00,163.31,30.4
2025-02-26 09:00,181.72,34.6
2025-02-26 10:00,183.46,38.6
2025-02-26 11:00,192.0,35.1
2025-02-26 12:00,204.31,33.0
2025-02-26 13:00,203.4,32.8
2025-02-26 14:00,201.62,33.1
2025-02-26 15:00,199.63,33.6
2025-02-26 16:00,183.25,33.3
2025-02-26 17:00,173.21,36.7
2025-02-26 18:00,165.52,30.1
2025-02-26 19:00,137.67,36.7
2025-02-26 20:00,130.97,33.7
2025-02-26 21:00,131.66,35.6
2025-02-26 22:00,116.48,32.0
2025-02-26 23:00,93.63,38.2
2025-02-27 00:00,87.31,38.1
2025-02-27 01:00,94.53,37.4
2025-02-27 02:00,110.19,31.3
2025-02-27 03:00,101.05,37.3
2025-02-27 04:00,118.88,36.3
2025-02-27 05:00,127.75,31.4
2025-02-27 06:00,137.8,35.4
2025-02-27 07:00,139.38,36.5
2025-02-27 08:00,165.78,37.0
2025-02-27 09:00,171.51,36.2
2025-02-27 10:00,188.95,36.5
2025-02-27 11:00,183.27,39.6
2025-02-27 12:00,194.95,39.1
2025-02-27 13:00,210.87,28.9
2025-02-27 14:00,197.68,35.4
2025-02-27 15:00,195.25,35.9
2025-02-27 16:00,187.64,32.0
2025-02-27 17:00,169.03,36.7
2025-02-27 18:00,167.02,39.7
2025-02-27 19:00,156.12,33.9
2025-02-27 20:00,128.5,37.6
2025-02-27 21:00,126.53,34.5
2025-02-27 22:00,107.34,35.2
2025-02-27 23:00,92.76,40.7
2025-02-28 00:00,104.21,35.8
2025-02-28 01:00,84.39,38.4
2025-02-28 02:00,105.56,32.6
2025-02-28 03:00,97.46,42.1
2025-02-28 04:00,107.81,39.0
2025-02-28 05:00,123.52,37.1
2025-02-28 06:00,135.19,39.1
2025-02-28 07:00,144.54,34.3
2025-02-28 08:00,160.46,40.9
2025-02-28 09:00,173.06,37.2
2025-02-28 10:00,175.0,37.6
2025-02-28 11:00,190.43,37.0
2025-02-28 12:00,205.03,36.8
2025-02-28 13:00,204.29,40.1
2025-02-28 14:00,198.1,39.1
2025-02-28 15:00,180.23,40.2
2025-02-28 16:00,184.17,38.7
2025-02-28 17:00,174.22,40.1
2025-02-28 18:00,163.65,37.8
2025-02-28 19:00,144.32,44.6
2025-02-28 20:00,137.35,35.2
2025-02-28 21:00,116.5,42.4
2025-02-28 22:00,102.75,42.7
2025-02-28 23:00,90.79,37.3
2025-03-01 00:00,75.71,45.1
2025-03-01 01:00,74.95,42.1
2025-03-01 02:00,78.51,42.1
2025-03-01 03:00,72.32,39.9
2025-03-01 04:00,90.92,39.4
2025-03-01 05:00,107.69,39.5
2025-03-01 06:00,104.47,41.1
2025-03-01 07:00,111.97,43.7
2025-03-01 08:00,126.83,40.8
2025-03-01 09:00,149.22,38.2
2025-03-01 10:00,135.08,42.6
2025-03-01 11:00,148.39,42.9
2025-03-01 12:00,146.9,42.4
2025-03-01 13:00,149.42,42.7
2025-03-01 14:00,153.56,40.3
2025-03-01 15:00,159.47,38.7
2025-03-01 16:00,155.48,39.0
2025-03-01 17:00,140.59,37.2
2025-03-01 18:00,121.73,42.0
2025-03-01 19:00,129.18,41.3
2025-03-01 20:00,101.86,40.5
2025-03-01 21:00,95.23,34.3
2025-03-01 22:00,76.81,38.7
2025-03-01 23:00,86.14,44.7
2025-03-02 00:00,81.89,40.3
2025-03-02 01:00,87.89,43.0
2025-03-02 02:00,68.56,38.7
2025-03-02 03:00,85.87,45.9
2025-03-02 04:00,85.92,42.1
2025-03-02 05:00,97.82,43.2
2025-03-02 06:00,88.98,48.4
2025-03-02 07:00,119.0,46.5
2025-03-02 08:00,128.62,42.1
2025-03-02 09:00,133.81,41.5
2025-03-02 10:00,145.44,42.2
2025-03-02 11:00,141.1,44.4
2025-03-02 12:00,147.6,43.0
2025-03-02 13:00,150.28,42.4
2025-03-02 14:00,135.7,47.1
2025-03-02 15:00,152.01,43.3
2025-03-02 16:00,141.84,49.4
2025-03-02 17:00,127.54,44.0
2025-03-02 18:00,120.74,48.3
2025-03-02 19:00,109.86,44.9
2025-03-02 20:00,102.2,46.5
2025-03-02 21:00,89.77,42.4
2025-03-02 22:00,80.14,42.2
2025-03-02 23:00,83.63,45.5
2025-03-03 00:00,90.51,47.0
2025-03-03 01:00,102.8,44.7
2025-03-03 02:00,94.65,41.5
2025-03-03 03:00,93.86,41.4
2025-03-03 04:00,114.76,41.3
2025-03-03 05:00,122.12,40.6
2025-03-03 06:00,130.62,45.4
2025-03-03 07:00,143.44,48.0
2025-03-03 08:00,147.61,45.3
2025-03-03 09:00,168.71,39.8
2025-03-03 10:00,172.58,45.0
2025-03-03 11:00,173.4,45.2
2025-03-03 12:00,177.04,50.9
2025-03-03 13:00,199.61,42.2
2025-03-03 14:00,187.77,44.9
2025-03-03 15:00,166.72,50.3
2025-03-03 16:00,161.65,47.2
2025-03-03 17:00,170.6,47.6
2025-03-03 18:00,149.61,46.6
2025-03-03 19:00,133.18,47.2
2025-03-03 20:00,121.94,48.4
2025-03-03 21:00,106.32,44.6
2025-03-03 22:00,110.48,48.9
2025-03-03 23:00,95.75,43.4
2025-03-04 00:00,98.63,47.7
2025-03-04 01:00,89.28,47.4
2025-03-04 02:00,100.38,45.5
2025-03-04 03:00,97.14,47.1
2025-03-04 04:00,109.36,45.7
2025-03-04 05:00,119.41,44.7
2025-03-04 06:00,128.96,46.6
2025-03-04 07:00,141.5,44.8
2025-03-04 08:00,146.81,48.4
2025-03-04 09:00,175.22,44.9
2025-03-04 10:00,162.7,49.6
2025-03-04 11:00,181.47,45.0
2025-03-04 12:00,184.31,46.6
2025-03-04 13:00,188.35,46.5
2025-03-04 14:00,175.34,51.5
2025-03-04 15:00,178.16,49.1
2025-03-04 16:00,169.25,47.8
2025-03-04 17:00,148.77,49.7
2025-03-04 18:00,153.68,43.3
2025-03-04 19:00,129.22,48.5
2025-03-04 20:00,108.59,53.7
2025-03-04 21:00,112.39,49.1
2025-03-04 22:00,104.75,49.1
2025-03-04 23:00,96.6,50.3
2025-03-05 00:00,91.54,51.3
2025-03-05 01:00,79.42,44.1
2025-03-05 02:00,83.96,45.0
2025-03-05 03:00,105.62,49.8
2025-03-05 04:00,96.59,47.6
2025-03-05 05:00,112.37,52.8
2025-03-05 06:00,119.18,48.8
2025-03-05 07:00,139.87,44.8
2025-03-05 08:00,146.39,46.5
2025-03-05 09:00,169.28,42.9
2025-03-05 10:00,169.34,49.3
2025-03-05 11:00,173.1,49.5
2025-03-05 12:00,174.86,49.0
2025-03-05 13:00,179.41,52.8
2025-03-05 14:00,168.48,53.2
2025-03-05 15:00,177.91,49.8
2025-03-05 16:00,189.41,45.0
2025-03-05 17:00,163.82,52.0
2025-03-05 18:00,148.92,51.9
2025-03-05 19:00,132.61,51.3
2025-03-05 20:00,107.9,53.1
2025-03-05 21:00,104.69,47.8
2025-03-05 22:00,104.65,55.8
2025-03-05 23:00,89.96,48.4
2025-03-06 00:00,82.99,52.8
2025-03-06 01:00,88.38,46.8
2025-03-06 02:00,83.4,48.7
2025-03-06 03:00,83.01,54.9
2025-03-06 04:00,100.44,50.5
2025-03-06 05:00,102.87,53.4
2025-03-06 06:00,116.1,51.9
2025-03-06 07:00,128.63,51.1
2025-03-06 08:00,144.61,54.9
2025-03-06 09:00,155.48,50.9
2025-03-06 10:00,170.03,47.1
2025-03-06 11:00,179.17,49.6
2025-03-06 12:00,175.02,53.1
2025-03-06 13:00,176.2,52.8
2025-03-06 14:00,185.34,47.9
2025-03-06 15:00,179.05,50.1
2025-03-06 16:00,166.19,50.5
2025-03-06 17:00,157.17,51.1
2025-03-06 18:00,143.32,48.6
2025-03-06 19:00,128.71,50.5
2025-03-06 20:00,126.53,50.4
2025-03-06 21:00,110.25,54.2
2025-03-06 22:00,100.76,54.3
2025-03-06 23:00,94.03,52.0
2025-03-07 00:00,88.34,51.4
2025-03-07 01:00,89.79,52.8
2025-03-07 02:00,94.29,50.5
2025-03-07 03:00,99.34,49.7
2025-03-07 04:00,100.36,50.2
2025-03-07 05:00,118.36,51.1
2025-03-07 06:00,123.79,49.8
2025-03-07 07:00,135.18,53.1
2025-03-07 08:00,143.44,54.6
2025-03-07 09:00,160.68,48.9
2025-03-07 10:00,159.73,52.9
2025-03-07 11:00,176.38,52.4
2025-03-07 12:00,192.01,53.8
2025-03-07 13:00,175.34,53.0
2025-03-07 14:00,181.02,49.4
2025-03-07 15:00,172.55,49.9
2025-03-07 16:00,160.9,53.2
2025-03-07 17:00,160.72,55.7
2025-03-07 18:00,144.98,47.7
2025-03-07 19:00,127.62,54.1
2025-03-07 20:00,107.24,56.3
2025-03-07 21:00,104.01,52.9
2025-03-07 22:00,87.48,54.7
2025-03-07 23:00,96.37,51.6
2025-03-08 00:00,86.39,53.1
2025-03-08 01:00,67.99,49.4
2025-03-08 02:00,62.38,47.6
2025-03-08 03:00,77.19,55.9
2025-03-08 04:00,75.93,51.1
2025-03-08 05:00,94.96,52.4
2025-03-08 06:00,96.0,50.1
2025-03-08 07:00,103.66,50.1
2025-03-08 08:00,113.5,53.2
2025-03-08 09:00,129.22,51.8
2025-03-08 10:00,128.32,54.6
2025-03-08 11:00,132.28,54.8
2025-03-08 12:00,138.01,54.5
2025-03-08 13:00,133.0,54.4
2025-03-08 14:00,138.31,57.7
2025-03-08 15:00,128.26,51.1
2025-03-08 16:00,127.94,53.7
2025-03-08 17:00,124.88,56.7
2025-03-08 18:00,113.2,57.0
2025-03-08 19:00,110.82,50.3
2025-03-08 20:00,95.22,53.1
2025-03-08 21:00,91.1,57.3
2025-03-08 22:00,83.46,55.2
2025-03-08 23:00,75.25,54.4
2025-03-09 00:00,75.01,53.4
2025-03-09 01:00,72.9,53.0
2025-03-09 02:00,66.16,54.7
2025-03-09 03:00,65.08,53.3
2025-03-09 04:00,81.2,53.9
2025-03-09 05:00,89.34,54.2
2025-03-09 06:00,102.72,52.3
2025-03-09 07:00,97.82,55.3
2025-03-09 08:00,102.37,61.3
2025-03-09 09:00,129.5,49.6
2025-03-09 10:00,129.1,54.8
2025-03-09 11:00,126.69,52.1
2025-03-09 12:00,140.53,55.4
2025-03-09 13:00,129.77,54.1
2025-03-09 14:00,132.13,55.9
2025-03-09 15:00,141.28,56.9
2025-03-09 16:00,140.79,54.5
2025-03-09 17:00,112.89,56.8
2025-03-09 18:00,116.86,48.1
2025-03-09 19:00,101.67,58.0
2025-03-09 20:00,105.04,54.9
2025-03-09 21:00,81.53,56.7
2025-03-09 22:00,77.53,50.9
2025-03-09 23:00,83.22,51.9
2025-03-10 00:00,83.98,54.3
2025-03-10 01:00,89.27,53.9
2025-03-10 02:00,77.17,54.6
2025-03-10 03:00,88.21,56.6
2025-03-10 04:00,91.56,49.5
2025-03-10 05:00,99.56,56.3
2025-03-10 06:00,123.88,53.9
2025-03-10 07:00,130.91,53.3
2025-03-10 08:00,144.51,50.1
2025-03-10 09:00,147.72,55.1
2025-03-10 10:00,169.04,47.7
2025-03-10 11:00,170.21,55.4
2025-03-10 12:00,185.73,50.0
2025-03-10 13:00,160.7,53.8
2025-03-10 14:00,170.49,53.4
2025-03-10 15:00,167.85,56.6
2025-03-10 16:00,163.24,53.2
2025-03-10 17:00,158.22,51.9
2025-03-10 18:00,145.75,52.3
2025-03-10 19:00,126.09,56.7
2025-03-10 20:00,114.81,54.9
2025-03-10 21:00,107.39,52.5
2025-03-10 22:00,105.95,52.9
2025-03-10 23:00,89.59,49.5
2025-03-11 00:00,85.8,54.4
2025-03-11 01:00,89.1,49.0
2025-03-11 02:00,95.0,55.2
2025-03-11 03:00,89.43,53.6
2025-03-11 04:00,100.21,59.2
2025-03-11 05:00,117.88,50.5
2025-03-11 06:00,119.27,52.9
2025-03-11 07:00,125.78,57.7
2025-03-11 08:00,138.21,56.1
2025-03-11 09:00,154.87,51.3
2025-03-11 10:00,168.47,53.6
2025-03-11 11:00,172.76,53.0
2025-03-11 12:00,176.54,53.7
2025-03-11 13:00,173.17,51.2
2025-03-11 14:00,170.63,52.7
2025-03-11 15:00,189.45,48.8
2025-03-11 16:00,162.85,53.1
2025-03-11 17:00,148.91,53.9
2025-03-11 18:00,152.94,52.1
2025-03-11 19:00,137.43,48.6
2025-03-11 20:00,121.27,55.1
2025-03-11 21:00,107.31,53.5
2025-03-11 22:00,98.73,50.7
2025-03-11 23:00,91.48,51.7
2025-03-12 00:00,81.53,48.6
2025-03-12 01:00,86.97,49.8
2025-03-12 02:00,90.14,50.9
2025-03-12 03:00,101.22,55.3
2025-03-12 04:00,101.24,50.6
2025-03-12 05:00,93.93,53.7
2025-03-12 06:00,121.03,50.7
2025-03-12 07:00,148.32,52.6
2025-03-12 08:00,150.1,51.6
2025-03-12 09:00,148.46,54.1
2025-03-12 10:00,170.62,50.5
2025-03-12 11:00,173.39,47.8
2025-03-12 12:00,173.96,48.3
2025-03-12 13:00,178.94,50.3
2025-03-12 14:00,182.36,48.5
2025-03-12 15:00,160.72,52.5
2025-03-12 16:00,160.42,50.3
2025-03-12 17:00,149.72,57.3
2025-03-12 18:00,147.29,47.0
2025-03-12 19:00,135.07,51.8
2025-03-12 20:00,116.36,48.4
2025-03-12 21:00,115.25,49.9
2025-03-12 22:00,93.02,51.4
2025-03-12 23:00,106.75,45.2
2025-03-13 00:00,77.71,51.5
2025-03-13 01:00,77.31,55.6
2025-03-13 02:00,91.69,49.6
2025-03-13 03:00,102.74,51.4
2025-03-13 04:00,100.72,53.2
2025-03-13 05:00,114.14,50.1
2025-03-13 06:00,123.17,49.0
2025-03-13 07:00,133.31,44.7
2025-03-13 08:00,141.6,51.9
2025-03-13 09:00,150.67,50.0
2025-03-13 10:00,162.8,47.7
2025-03-13 11:00,177.02,50.4
2025-03-13 12:00,174.93,48.6
2025-03-13 13:00,185.13,48.6
2025-03-13 14:00,170.24,51.4
2025-03-13 15:00,181.36,46.4
2025-03-13 16:00,161.94,52.3
2025-03-13 17:00,170.72,46.1
2025-03-13 18:00,150.72,47.9
2025-03-13 19:00,137.71,54.3
2025-03-13 20:00,115.77,52.2
2025-03-13 21:00,111.57,49.5
2025-03-13 22:00,97.51,46.9
2025-03-13 23:00,92.64,47.8
2025-03-14 00:00,87.88,49.2
2025-03-14 01:00,83.59,49.1
2025-03-14 02:00,82.52,48.7
2025-03-14 03:00,86.04,48.7
2025-03-14 04:00,88.42,48.2
2025-03-14 05:00,108.49,45.0
2025-03-14 06:00,128.4,47.2
2025-03-14 07:00,124.1,50.7
2025-03-14 08:00,143.67,44.9
2025-03-14 09:00,171.15,47.8
2025-03-14 10:00,168.48,46.1
2025-03-14 11:00,179.1,48.4
2025-03-14 12:00,187.51,47.0
2025-03-14 13:00,183.34,51.6
2025-03-14 14:00,171.88,49.1
2025-03-14 15:00,180.7,44.4
2025-03-14 16:00,158.78,49.3
2025-03-14 17:00,177.56,45.6
2025-03-14 18:00,141.19,46.0
2025-03-14 19:00,129.9,48.1
2025-03-14 20:00,119.45,46.0
2025-03-14 21:00,102.38,49.4
2025-03-14 22:00,112.77,45.1
2025-03-14 23:00,111.25,45.4
2025-03-15 00:00,70.74,45.2
2025-03-15 01:00,64.28,45.4
2025-03-15 02:00,58.04,49.4
2025-03-15 03:00,74.45,48.2
2025-03-15 04:00,78.57,50.8
2025-03-15 05:00,83.49,52.1
2025-03-15 06:00,103.49,43.7
2025-03-15 07:00,112.67,46.4
2025-03-15 08:00,124.92,43.2
2025-03-15 09:00,129.8,44.1
2025-03-15 10:00,132.95,44.3
2025-03-15 11:00,150.95,43.2
2025-03-15 12:00,151.06,43.1
2025-03-15 13:00,155.41,45.2
2025-03-15 14:00,156.35,42.5
2025-03-15 15:00,134.07,47.5
2025-03-15 16:00,132.22,43.0
2025-03-15 17:00,119.79,52.2
2025-03-15 18:00,115.97,44.0
2025-03-15 19:00,115.75,45.2
2025-03-15 20:00,105.71,41.7
2025-03-15 21:00,95.89,49.1
2025-03-15 22:00,84.73,47.5
2025-03-15 23:00,78.68,45.3
2025-03-16 00:00,82.88,41.1
2025-03-16 01:00,75.24,44.9
2025-03-16 02:00,75.91,41.5
2025-03-16 03:00,84.97,47.8
2025-03-16 04:00,83.85,46.1
2025-03-16 05:00,90.54,44.2
2025-03-16 06:00,101.28,37.8
2025-03-16 07:00,118.41,41.3
2025-03-16 08:00,128.54,45.4
2025-03-16 09:00,129.1,46.6
2025-03-16 10:00,145.58,46.2
2025-03-16 11:00,138.92,39.4
2025-03-16 12:00,149.69,44.0
2025-03-16 13:00,149.38,45.7
2025-03-16 14:00,150.91,38.9
2025-03-16 15:00,161.5,42.9
2025-03-16 16:00,139.94,43.5
2025-03-16 17:00,131.13,42.0
2025-03-16 18:00,127.47,38.0
2025-03-16 19:00,101.87,41.7
2025-03-16 20:00,99.09,41.6
2025-03-16 21:00,99.71,41.9
2025-03-16 22:00,82.45,40.8
2025-03-16 23:00,74.77,41.0
2025-03-17 00:00,101.97,41.9
2025-03-17 01:00,99.77,43.0
2025-03-17 02:00,97.77,41.0
2025-03-17 03:00,97.18,40.7
2025-03-17 04:00,105.62,41.8
2025-03-17 05:00,116.61,36.7
2025-03-17 06:00,122.75,42.6
2025-03-17 07:00,136.52,41.3
2025-03-17 08:00,152.01,41.3
2025-03-17 09:00,159.09,43.5
2025-03-17 10:00,174.96,36.1
2025-03-17 11:00,194.07,35.9
2025-03-17 12:00,192.25,41.4
2025-03-17 13:00,203.8,40.6
2025-03-17 14:00,187.44,41.0
2025-03-17 15:00,190.33,39.3
2025-03-17 16:00,179.13,42.0
2025-03-17 17:00,164.79,42.6
2025-03-17 18:00,160.12,41.3
2025-03-17 19:00,149.26,39.4
2025-03-17 20:00,137.59,34.6
2025-03-17 21:00,115.89,41.7
2025-03-17 22:00,104.22,42.8
2025-03-17 23:00,91.33,41.2
2025-03-18 00:00,92.19,37.3
2025-03-18 01:00,89.19,41.1
2025-03-18 02:00,87.65,41.5
2025-03-18 03:00,100.92,43.1
2025-03-18 04:00,117.78,36.9
2025-03-18 05:00,114.6,38.4
2025-03-18 06:00,131.99,40.8
2025-03-18 07:00,138.82,38.9
2025-03-18 08:00,159.51,35.9
2025-03-18 09:00,165.48,39.6
2025-03-18 10:00,183.32,39.9
2025-03-18 11:00,185.31,38.6
2025-03-18 12:00,200.24,38.8
2025-03-18 13:00,196.11,37.5
2025-03-18 14:00,186.49,41.8
2025-03-18 15:00,185.45,35.7
2025-03-18 16:00,185.44,36.4
2025-03-18 17:00,177.02,37.8
2025-03-18 18:00,158.79,39.9
2025-03-18 19:00,163.33,33.9
2025-03-18 20:00,144.57,34.2
2025-03-18 21:00,123.04,32.3
2025-03-18 22:00,108.34,37.4
2025-03-18 23:00,106.9,34.4
2025-03-19 00:00,92.73,36.2
2025-03-19 01:00,101.42,38.7
2025-03-19 02:00,100.46,35.3
2025-03-19 03:00,103.62,37.4
2025-03-19 04:00,115.38,36.0
2025-03-19 05:00,130.46,38.3
2025-03-19 06:00,133.95,37.7
2025-03-19 07:00,148.38,34.7
2025-03-19 08:00,170.34,35.9
2025-03-19 09:00,176.26,38.9
2025-03-19 10:00,181.11,37.2
2025-03-19 11:00,196.94,32.6
2025-03-19 12:00,196.89,37.6
2025-03-19 13:00,205.39,33.2
2025-03-19 14:00,185.38,39.4
2025-03-19 15:00,180.53,38.3
2025-03-19 16:00,178.67,36.4
2025-03-19 17:00,167.99,35.9
2025-03-19 18:00,158.48,34.9
2025-03-19 19:00,150.62,37.1
2025-03-19 20:00,134.86,34.4
2025-03-19 21:00,123.31,35.8
2025-03-19 22:00,102.97,37.3
2025-03-19 23:00,101.85,33.6
2025-03-20 00:00,103.03,33.4
2025-03-20 01:00,102.24,31.9
2025-03-20 02:00,95.98,32.1
2025-03-20 03:00,107.93,30.1
2025-03-20 04:00,124.13,36.4
2025-03-20 05:00,119.45,39.1
2025-03-20 06:00,128.53,38.0
2025-03-20 07:00,152.27,30.3
2025-03-20 08:00,161.68,36.1
2025-03-20 09:00,170.82,37.8
2025-03-20 10:00,187.85,33.0
2025-03-20 11:00,186.11,34.3
2025-03-20 12:00,201.1,29.0
2025-03-20 13:00,200.55,34.6
2025-03-20 14:00,203.05,31.2
2025-03-20 15:00,191.46,34.2
2025-03-20 16:00,190.84,29.8
2025-03-20 17:00,175.27,34.9
2025-03-20 18:00,166.49,36.1
2025-03-20 19:00,151.58,31.5
2025-03-20 20:00,141.62,30.5
2025-03-20 21:00,125.13,27.9
2025-03-20 22:00,117.17,32.6
2025-03-20 23:00,108.16,31.7
2025-03-21 00:00,107.37,29.2
2025-03-21 01:00,101.53,34.1
2025-03-21 02:00,104.05,31.8
2025-03-21 03:00,106.33,30.2
2025-03-21 04:00,116.03,31.4
2025-03-21 05:00,128.81,35.4
2025-03-21 06:00,132.12,34.2
2025-03-21 07:00,147.64,32.3
2025-03-21 08:00,164.32,34.1
2025-03-21 09:00,183.45,29.6
2025-03-21 10:00,183.68,32.5
2025-03-21 11:00,196.3,32.7
2025-03-21 12:00,203.53,31.1
2025-03-21 13:00,189.77,33.3
2025-03-21 14:00,203.93,30.2
2025-03-21 15:00,194.98,33.4
2025-03-21 16:00,186.54,33.4
2025-03-21 17:00,194.95,24.7
2025-03-21 18:00,155.08,34.9
2025-03-21 19:00,154.16,24.3
2025-03-21 20:00,123.77,30.3
2025-03-21 21:00,120.4,34.3
2025-03-21 22:00,112.55,30.9
2025-03-21 23:00,105.32,28.0
2025-03-22 00:00,88.56,28.9
2025-03-22 01:00,82.98,34.1
2025-03-22 02:00,83.48,26.7
2025-03-22 03:00,81.12,34.3
2025-03-22 04:00,97.89,31.3
2025-03-22 05:00,102.29,28.4
2025-03-22 06:00,106.94,29.9
2025-03-22 07:00,113.57,28.7
2025-03-22 08:00,128.53,33.4
2025-03-22 09:00,146.2,33.0
2025-03-22 10:00,169.99,26.8
2025-03-22 11:00,160.42,30.1
2025-03-22 12:00,160.98,28.9
2025-03-22 13:00,154.39,34.2
2025-03-22 14:00,170.22,27.6
2025-03-22 15:00,144.61,34.9
2025-03-22 16:00,155.84,30.8
2025-03-22 17:00,151.16,27.9
2025-03-22 18:00,137.38,29.1
2025-03-22 19:00,122.52,28.8
2025-03-22 20:00,116.86,27.5
2025-03-22 21:00,101.82,30.9
2025-03-22 22:00,89.2,27.6
2025-03-22 23:00,99.32,25.2
2025-03-23 00:00,79.41,29.6
2025-03-23 01:00,86.5,26.0
2025-03-23 02:00,67.52,28.6
2025-03-23 03:00,94.24,28.2
2025-03-23 04:00,102.27,28.3
2025-03-23 05:00,98.11,35.4
2025-03-23 06:00,114.72,30.5
2025-03-23 07:00,125.47,31.0
2025-03-23 08:00,133.58,25.9
2025-03-23 09:00,148.84,28.7
2025-03-23 10:00,147.63,30.8
2025-03-23 11:00,158.75,27.7
2025-03-23 12:00,168.58,32.5
2025-03-23 13:00,174.6,27.2
2025-03-23 14:00,160.69,29.5
2025-03-23 15:00,156.99,28.7
2025-03-23 16:00,148.85,30.6
2025-03-23 17:00,150.08,28.6
2025-03-23 18:00,128.45,29.5
2025-03-23 19:00,125.37,29.5
2025-03-23 20:00,117.43,28.3
2025-03-23 21:00,100.01,31.3
2025-03-23 22:00,98.13,30.7
2025-03-23 23:00,83.89,29.9
2025-03-24 00:00,101.03,29.0
2025-03-24 01:00,92.7,32.0
2025-03-24 02:00,108.12,29.5
2025-03-24 03:00,102.93,29.3
2025-03-24 04:00,117.47,30.3
2025-03-24 05:00,122.92,34.3
2025-03-24 06:00,136.28,26.7
2025-03-24 07:00,148.09,31.9
2025-03-24 08:00,180.76,25.3
2025-03-24 09:00,181.07,30.5
2025-03-24 10:00,180.84,33.9
2025-03-24 11:00,200.46,31.2
2025-03-24 12:00,204.1,30.4
2025-03-24 13:00,229.9,28.6
2025-03-24 14:00,207.14,30.1
2025-03-24 15:00,198.66,29.4
2025-03-24 16:00,202.48,28.0
2025-03-24 17:00,170.24,29.3
2025-03-24 18:00,167.54,30.5
2025-03-24 19:00,167.39,28.1
2025-03-24 20:00,140.72,28.0
2025-03-24 21:00,118.98,26.6
2025-03-24 22:00,112.47,31.0
2025-03-24 23:00,114.82,31.4
2025-03-25 00:00,103.52,30.6
2025-03-25 01:00,93.25,32.5
2025-03-25 02:00,97.36,30.3
2025-03-25 03:00,102.96,31.1
2025-03-25 04:00,117.12,30.9
2025-03-25 05:00,134.83,29.9
2025-03-25 06:00,147.03,28.8
2025-03-25 07:00,150.86,35.7
2025-03-25 08:00,160.52,29.1
2025-03-25 09:00,174.16,28.5
2025-03-25 10:00,193.25,31.3
2025-03-25 11:00,191.0,30.9
2025-03-25 12:00,208.35,26.8
2025-03-25 13:00,205.18,33.1
2025-03-25 14:00,198.61,30.1
2025-03-25 15:00,197.07,27.6
2025-03-25 16:00,187.06,33.3
2025-03-25 17:00,181.31,31.9
2025-03-25 18:00,176.76,27.2
2025-03-25 19:00,152.56,34.9
2025-03-25 20:00,138.28,32.1
2025-03-25 21:00,121.87,30.5
2025-03-25 22:00,105.91,34.5
2025-03-25 23:00,103.34,31.0
2025-03-26 00:00,103.8,30.5
2025-03-26 01:00,102.5,29.0
2025-03-26 02:00,87.73,32.1
2025-03-26 03:00,101.07,31.9
2025-03-26 04:00,122.26,30.8
2025-03-26 05:00,128.16,28.8
2025-03-26 06:00,130.2,31.1
2025-03-26 07:00,167.1,30.7
2025-03-26 08:00,169.92,27.5
2025-03-26 09:00,185.91,27.2
2025-03-26 10:00,191.18,32.4
2025-03-26 11:00,204.84,24.5
2025-03-26 12:00,199.17,31.6
2025-03-26 13:00,220.24,29.9
2025-03-26 14:00,205.9,34.4
2025-03-26 15:00,205.17,29.9
2025-03-26 16:00,191.64,32.9
2025-03-26 17:00,174.16,30.3
2025-03-26 18:00,173.51,31.6
2025-03-26 19:00,145.47,33.2
2025-03-26 20:00,141.17,30.2
2025-03-26 21:00,113.76,33.9
2025-03-26 22:00,104.05,29.0
2025-03-26 23:00,107.42,32.3
2025-03-27 00:00,94.33,33.9
2025-03-27 01:00,85.84,33.3
2025-03-27 02:00,100.78,36.5
2025-03-27 03:00,119.86,29.9
2025-03-27 04:00,125.1,28.4
2025-03-27 05:00,125.66,29.4
2025-03-27 06:00,136.61,33.6
2025-03-27 07:00,155.82,33.2
2025-03-27 08:00,171.83,32.3
2025-03-27 09:00,179.2,29.3
2025-03-27 10:00,186.92,34.1
2025-03-27 11:00,203.0,29.2
2025-03-27 12:00,202.19,35.2
2025-03-27 13:00,194.25,39.5
2025-03-27 14:00,200.53,33.3
2025-03-27 15:00,203.51,33.9
2025-03-27 16:00,197.3,31.3
2025-03-27 17:00,185.51,28.1
2025-03-27 18:00,176.61,31.2
2025-03-27 19:00,151.27,30.0
2025-03-27 20:00,150.13,29.2
2025-03-27 21:00,124.29,37.2
2025-03-27 22:00,132.59,33.6
2025-03-27 23:00,97.24,34.0
2025-03-28 00:00,96.07,32.3
2025-03-28 01:00,100.66,32.7
2025-03-28 02:00,100.47,35.6
2025-03-28 03:00,116.59,33.2
2025-03-28 04:00,108.18,34.7
2025-03-28 05:00,129.81,33.0
2025-03-28 06:00,144.34,32.7
2025-03-28 07:00,157.76,30.1
2025-03-28 08:00,163.09,28.7
2025-03-28 09:00,185.45,33.1
2025-03-28 10:00,194.25,34.0
2025-03-28 11:00,202.91,30.7
2025-03-28 12:00,201.76,33.9
2025-03-28 13:00,203.3,34.2
2025-03-28 14:00,206.68,28.7
2025-03-28 15:00,201.6,31.9
2025-03-28 16:00,185.45,35.3
2025-03-28 17:00,169.37,35.3
2025-03-28 18:00,159.59,31.6
2025-03-28 19:00,144.36,34.9
2025-03-28 20:00,134.76,37.2
2025-03-28 21:00,121.3,36.6
2025-03-28 22:00,113.6,34.5
2025-03-28 23:00,107.58,33.7
2025-03-29 00:00,75.86,33.4
2025-03-29 01:00,85.57,36.2
2025-03-29 02:00,76.88,35.6
2025-03-29 03:00,79.41,36.8
2025-03-29 04:00,92.12,35.6
2025-03-29 05:00,85.65,37.4
2025-03-29 06:00,103.02,35.7
2025-03-29 07:00,123.0,37.5
2025-03-29 08:00,117.04,37.8
2025-03-29 09:00,147.73,33.7
2025-03-29 10:00,161.11,31.3
2025-03-29 11:00,148.13,39.8
2025-03-29 12:00,159.35,36.6
2025-03-29 13:00,170.73,31.8
2025-03-29 14:00,157.1,34.4
2025-03-29 15:00,157.12,38.2
2025-03-29 16:00,143.83,35.7
2025-03-29 17:00,136.84,35.2
2025-03-29 18:00,120.79,40.1
2025-03-29 19:00,121.84,34.0
2025-03-29 20:00,115.38,34.7
2025-03-29 21:00,95.61,37.4
2025-03-29 22:00,80.27,37.9
2025-03-29 23:00,74.71,38.3
2025-03-30 00:00,78.93,39.4
2025-03-30 01:00,87.09,37.7
2025-03-30 02:00,79.36,38.5
2025-03-30 03:00,79.69,36.8
2025-03-30 04:00,92.64,37.7
2025-03-30 05:00,94.95,37.9
2025-03-30 06:00,103.73,38.2
2025-03-30 07:00,109.66,39.7
2025-03-30 08:00,134.69,39.3
2025-03-30 09:00,121.83,38.1
2025-03-30 10:00,152.26,36.1
2025-03-30 11:00,148.98,38.4
2025-03-30 12:00,153.51,38.2
2025-03-30 13:00,166.84,38.9
2025-03-30 14:00,145.74,44.0
2025-03-30 15:00,148.76,37.3
2025-03-30 16:00,143.17,39.7
2025-03-30 17:00,136.52,41.5
2025-03-30 18:00,123.71,39.1
2025-03-30 19:00,102.04,44.8
2025-03-30 20:00,100.86,38.2
2025-03-30 21:00,102.72,40.0
2025-03-30 22:00,88.7,37.3
2025-03-30 23:00,83.78,38.5
2025-03-31 00:00,93.67,40.1
2025-03-31 01:00,88.57,41.7
2025-03-31 02:00,105.06,40.5
2025-03-31 03:00,97.24,43.0
2025-03-31 04:00,105.93,39.7
2025-03-31 05:00,126.02,39.2
2025-03-31 06:00,120.61,46.9
2025-03-31 07:00,139.27,41.2
2025-03-31 08:00,158.64,38.5
2025-03-31 09:00,170.67,38.7
2025-03-31 10:00,183.37,38.2
2025-03-31 11:00,196.47,43.0
2025-03-31 12:00,194.91,39.8
2025-03-31 13:00,178.62,41.2
2025-03-31 14:00,193.62,40.8
2025-03-31 15:00,184.26,42.9
2025-03-31 16:00,181.04,39.0
2025-03-31 17:00,172.28,38.6
2025-03-31 18:00,154.85,41.9
2025-03-31 19:00,140.82,43.0
2025-03-31 20:00,132.53,42.4
2025-03-31 21:00,115.82,39.7
2025-03-31 22:00,100.16,43.5
2025-03-31 23:00,118.47,40.0
